MINNESOTATIMBERWOLVES,111,LOSANGELESLAKERS,92,3.22,1.35
PHILADELPHIA76ERS,96,BROOKLYNNETS,103,1.69,2.22
CLEVELANDCAVALIERS,87,CHARLOTTEHORNETS,72,1.95,1.84
MIAMIHEAT,105,DETROITPISTONS,89,1.13,5.97
MILWAUKEEBUCKS,92,CHICAGOBULLS,83,1.7,2.14
HOUSTONROCKETS,88,ORLANDOMAGIC,97,2.42,1.56
DALLASMAVERICKS,94,WASHINGTONWIZARDS,97,1.4,2.96
SACRAMENTOKINGS,109,PHOENIXSUNS,95,1.77,2.05
PORTLANDTRAILBLAZERS,115,LOSANGELESCLIPPERS,86,1.42,2.9
MINNESOTATIMBERWOLVES,106,NEWYORKKNICKS,100,2.23,1.64
CHARLOTTEHORNETS,93,OKLAHOMACITYTHUNDER,97,2.2,1.65
BOSTONCELTICS,93,PHILADELPHIA76ERS,65,1.36,3.14
MEMPHISGRIZZLIES,87,INDIANAPACERS,85,1.51,2.52
PHOENIXSUNS,78,TORONTORAPTORS,129,1.53,2.45
BROOKLYNNETS,92,BOSTONCELTICS,96,2.85,1.42
ATLANTAHAWKS,111,MEMPHISGRIZZLIES,115,1.33,3.35
CLEVELANDCAVALIERS,83,WASHINGTONWIZARDS,97,1.83,1.97
HOUSTONROCKETS,90,SANANTONIOSPURS,87,1.45,2.78
DALLASMAVERICKS,88,CHICAGOBULLS,83,1.31,3.41
UTAHJAZZ,100,PORTLANDTRAILBLAZERS,96,1.42,2.9
SACRAMENTOKINGS,88,LOSANGELESCLIPPERS,120,1.29,3.52
INDIANAPACERS,86,ORLANDOMAGIC,93,3.1,1.37
DETROITPISTONS,115,MILWAUKEEBUCKS,110,1.55,2.45
CHICAGOBULLS,107,WASHINGTONWIZARDS,96,1.55,2.44
MIAMIHEAT,103,OKLAHOMACITYTHUNDER,96,1.37,3.1
DENVERNUGGETS,109,PORTLANDTRAILBLAZERS,99,1.32,3.37
GOLDENSTATEWARRIORS,127,LOSANGELESCLIPPERS,87,1.5,2.56
BROOKLYNNETS,90,PHILADELPHIA76ERS,89,1.42,3.04
HOUSTONROCKETS,126,INDIANAPACERS,92,1.46,2.64
NEWORLEANSPELICANS,90,MEMPHISGRIZZLIES,97,1.37,3.07
MILWAUKEEBUCKS,86,CHARLOTTEHORNETS,78,1.33,3.37
SANANTONIOSPURS,90,MIAMIHEAT,73,3.44,1.29
PHOENIXSUNS,98,DALLASMAVERICKS,90,3.12,1.35
ORLANDOMAGIC,135,NEWORLEANSPELICANS,81,1.35,3.26
BOSTONCELTICS,91,TORONTORAPTORS,87,1.2,4.64
HOUSTONROCKETS,93,CLEVELANDCAVALIERS,99,1.23,4.26
GOLDENSTATEWARRIORS,95,SACRAMENTOKINGS,86,1.27,3.75
DETROITPISTONS,94,ATLANTAHAWKS,85,1.37,3.1
DALLASMAVERICKS,79,CLEVELANDCAVALIERS,85,1.41,2.89
PORTLANDTRAILBLAZERS,100,UTAHJAZZ,109,1.39,3.02
WASHINGTONWIZARDS,107,ATLANTAHAWKS,92,1.36,3.16
PHILADELPHIA76ERS,103,BOSTONCELTICS,92,2.74,1.45
OKLAHOMACITYTHUNDER,96,MEMPHISGRIZZLIES,116,1.41,2.94
CHICAGOBULLS,109,TORONTORAPTORS,90,1.37,3.1
LOSANGELESCLIPPERS,99,SANANTONIOSPURS,100,3.1,1.38
SACRAMENTOKINGS,116,GOLDENSTATEWARRIORS,97,1.41,2.84
PHOENIXSUNS,100,UTAHJAZZ,105,1.37,3.09
HOUSTONROCKETS,91,BROOKLYNNETS,81,1.37,3.11
TORONTORAPTORS,119,PHILADELPHIA76ERS,116,1.41,2.87
INDIANAPACERS,98,MINNESOTATIMBERWOLVES,86,1.33,3.31
DETROITPISTONS,96,DALLASMAVERICKS,101,2.9,1.42
NEWORLEANSPELICANS,90,MIAMIHEAT,76,1.96,1.83
WASHINGTONWIZARDS,88,MILWAUKEEBUCKS,96,1.4,2.95
ORLANDOMAGIC,86,CHARLOTTEHORNETS,73,1.34,3.16
CLEVELANDCAVALIERS,106,SANANTONIOSPURS,80,2.01,1.79
UTAHJAZZ,108,PHOENIXSUNS,97,1.44,2.78
LOSANGELESCLIPPERS,95,DENVERNUGGETS,100,2.8,1.44
TORONTORAPTORS,112,BOSTONCELTICS,117,2.41,1.56
INDIANAPACERS,101,NEWORLEANSPELICANS,98,1.61,2.28
MINNESOTATIMBERWOLVES,99,DETROITPISTONS,88,1.54,2.48
CHICAGOBULLS,105,DALLASMAVERICKS,109,1.54,2.45
BROOKLYNNETS,85,HOUSTONROCKETS,95,3.04,1.38
CHARLOTTEHORNETS,97,DETROITPISTONS,94,1.47,2.7
ORLANDOMAGIC,105,CHICAGOBULLS,67,1.29,3.56
NEWORLEANSPELICANS,74,ATLANTAHAWKS,84,1.82,1.96
BOSTONCELTICS,97,NEWYORKKNICKS,84,1.33,3.32
LOSANGELESCLIPPERS,91,UTAHJAZZ,103,2.14,1.7
MEMPHISGRIZZLIES,91,MILWAUKEEBUCKS,77,1.39,3.01
PORTLANDTRAILBLAZERS,118,GOLDENSTATEWARRIORS,105,1.39,3.03
LOSANGELESLAKERS,102,DENVERNUGGETS,95,1.37,3.12
TORONTORAPTORS,121,PHOENIXSUNS,100,2.25,1.65
NEWYORKKNICKS,92,WASHINGTONWIZARDS,90,1.51,2.55
DENVERNUGGETS,108,LOSANGELESCLIPPERS,104,1.65,2.2
MINNESOTATIMBERWOLVES,114,MILWAUKEEBUCKS,109,1.48,2.65
LOSANGELESLAKERS,94,UTAHJAZZ,99,1.41,2.86
ATLANTAHAWKS,73,ORLANDOMAGIC,102,3.27,1.34
MIAMIHEAT,96,CHARLOTTEHORNETS,102,1.18,4.81
MEMPHISGRIZZLIES,96,NEWORLEANSPELICANS,91,1.34,3.25
SANANTONIOSPURS,102,OKLAHOMACITYTHUNDER,111,1.57,2.37
GOLDENSTATEWARRIORS,100,PORTLANDTRAILBLAZERS,78,1.5,2.58
DETROITPISTONS,98,WASHINGTONWIZARDS,92,1.57,2.41
CLEVELANDCAVALIERS,111,PHILADELPHIA76ERS,95,1.61,2.29
NEWYORKKNICKS,117,BROOKLYNNETS,111,1.46,2.7
MINNESOTATIMBERWOLVES,124,INDIANAPACERS,128,1.41,2.92
DENVERNUGGETS,130,OKLAHOMACITYTHUNDER,115,1.23,4.13
PHOENIXSUNS,92,GOLDENSTATEWARRIORS,87,1.35,3.2
LOSANGELESLAKERS,74,UTAHJAZZ,82,1.36,3.13
LOSANGELESCLIPPERS,94,SACRAMENTOKINGS,96,1.56,2.4
CHARLOTTEHORNETS,105,NEWORLEANSPELICANS,98,1.47,2.66
TORONTORAPTORS,103,CHICAGOBULLS,110,1.51,2.54
PHILADELPHIA76ERS,118,NEWYORKKNICKS,91,1.45,2.75
ORLANDOMAGIC,101,DALLASMAVERICKS,76,1.21,4.39
BOSTONCELTICS,107,BROOKLYNNETS,92,1.25,3.92
CLEVELANDCAVALIERS,83,MILWAUKEEBUCKS,77,1.49,2.63
OKLAHOMACITYTHUNDER,101,NEWORLEANSPELICANS,86,1.22,4.39
ATLANTAHAWKS,98,MIAMIHEAT,89,2.77,1.44
SANANTONIOSPURS,111,HOUSTONROCKETS,103,1.35,3.23
PORTLANDTRAILBLAZERS,90,DENVERNUGGETS,83,1.58,2.34
LOSANGELESLAKERS,120,GOLDENSTATEWARRIORS,99,1.36,3.17
TORONTORAPTORS,108,NEWYORKKNICKS,103,1.66,2.22
CHARLOTTEHORNETS,99,ATLANTAHAWKS,66,1.36,3.17
DETROITPISTONS,103,MEMPHISGRIZZLIES,106,2.27,1.61
CHICAGOBULLS,102,INDIANAPACERS,74,1.28,3.69
MILWAUKEEBUCKS,118,MINNESOTATIMBERWOLVES,119,1.39,2.95
DALLASMAVERICKS,97,HOUSTONROCKETS,96,1.43,2.81
UTAHJAZZ,82,SACRAMENTOKINGS,71,1.21,4.39
PHOENIXSUNS,106,DENVERNUGGETS,144,1.35,3.21
LOSANGELESLAKERS,105,GOLDENSTATEWARRIORS,102,1.25,4.09
BOSTONCELTICS,88,MIAMIHEAT,80,1.96,1.84
PORTLANDTRAILBLAZERS,106,PHOENIXSUNS,92,1.3,3.57
LOSANGELESLAKERS,112,HOUSTONROCKETS,110,1.31,3.53
TORONTORAPTORS,93,NEWYORKKNICKS,98,1.88,1.93
PHILADELPHIA76ERS,87,MIAMIHEAT,97,4.03,1.25
CLEVELANDCAVALIERS,95,BOSTONCELTICS,87,2.55,1.53
BROOKLYNNETS,101,DETROITPISTONS,98,1.57,2.44
OKLAHOMACITYTHUNDER,106,CHICAGOBULLS,95,1.34,3.3
NEWORLEANSPELICANS,95,MILWAUKEEBUCKS,91,1.64,2.27
MINNESOTATIMBERWOLVES,116,SACRAMENTOKINGS,117,1.61,2.33
MEMPHISGRIZZLIES,104,ATLANTAHAWKS,119,1.7,2.17
SANANTONIOSPURS,122,INDIANAPACERS,109,1.2,4.61
DALLASMAVERICKS,101,CHARLOTTEHORNETS,86,1.33,3.36
DENVERNUGGETS,110,UTAHJAZZ,88,1.56,2.46
LOSANGELESCLIPPERS,88,PORTLANDTRAILBLAZERS,98,2.15,1.71
GOLDENSTATEWARRIORS,132,HOUSTONROCKETS,128,1.61,2.35
ORLANDOMAGIC,112,WASHINGTONWIZARDS,83,1.05,10.76
UTAHJAZZ,94,PHOENIXSUNS,110,1.3,3.6
TORONTORAPTORS,101,CLEVELANDCAVALIERS,81,1.58,2.42
PHILADELPHIA76ERS,101,ATLANTAHAWKS,104,2.43,1.58
CHARLOTTEHORNETS,101,INDIANAPACERS,104,1.49,2.67
BROOKLYNNETS,106,SACRAMENTOKINGS,100,1.73,2.15
BOSTONCELTICS,105,NEWYORKKNICKS,101,1.19,4.88
NEWORLEANSPELICANS,101,DENVERNUGGETS,95,1.76,2.07
MINNESOTATIMBERWOLVES,96,MILWAUKEEBUCKS,85,2.57,1.52
MIAMIHEAT,96,ORLANDOMAGIC,70,1.59,2.37
DETROITPISTONS,104,OKLAHOMACITYTHUNDER,105,3.16,1.37
DALLASMAVERICKS,90,MEMPHISGRIZZLIES,91,1.12,6.31
PHOENIXSUNS,106,LOSANGELESLAKERS,114,2.61,1.51
GOLDENSTATEWARRIORS,109,LOSANGELESCLIPPERS,91,1.4,3.03
MEMPHISGRIZZLIES,109,MINNESOTATIMBERWOLVES,89,1.3,3.56
INDIANAPACERS,99,PHILADELPHIA76ERS,86,1.42,2.9
CHICAGOBULLS,101,DETROITPISTONS,91,1.17,5.02
ATLANTAHAWKS,99,WASHINGTONWIZARDS,95,1.17,5.1
SANANTONIOSPURS,90,NEWORLEANSPELICANS,99,1.19,4.78
NEWYORKKNICKS,95,PORTLANDTRAILBLAZERS,100,2.75,1.46
MILWAUKEEBUCKS,98,CHARLOTTEHORNETS,88,1.4,2.97
HOUSTONROCKETS,94,DENVERNUGGETS,107,1.45,2.79
CLEVELANDCAVALIERS,104,SACRAMENTOKINGS,107,1.64,2.27
BROOKLYNNETS,78,MIAMIHEAT,101,5.01,1.17
LOSANGELESCLIPPERS,83,DALLASMAVERICKS,99,2.86,1.43
OKLAHOMACITYTHUNDER,99,UTAHJAZZ,120,1.35,3.25
LOSANGELESLAKERS,107,GOLDENSTATEWARRIORS,83,1.14,5.62
CHICAGOBULLS,110,PORTLANDTRAILBLAZERS,98,1.88,1.92
SACRAMENTOKINGS,111,TORONTORAPTORS,108,1.41,2.94
LOSANGELESCLIPPERS,88,SANANTONIOSPURS,97,4.08,1.25
WASHINGTONWIZARDS,116,PHILADELPHIA76ERS,115,1.64,2.29
CLEVELANDCAVALIERS,88,ATLANTAHAWKS,100,2.25,1.66
MIAMIHEAT,129,MINNESOTATIMBERWOLVES,97,1.02,15.98
DETROITPISTONS,86,BOSTONCELTICS,109,3.35,1.34
MILWAUKEEBUCKS,76,PORTLANDTRAILBLAZERS,90,1.65,2.26
LOSANGELESLAKERS,124,MEMPHISGRIZZLIES,105,1.19,4.81
PHILADELPHIA76ERS,101,INDIANAPACERS,75,2.17,1.7
ORLANDOMAGIC,128,MINNESOTATIMBERWOLVES,86,1.01,19.34
BROOKLYNNETS,83,CHARLOTTEHORNETS,85,1.89,1.92
ATLANTAHAWKS,94,DETROITPISTONS,85,1.13,5.81
BOSTONCELTICS,105,MILWAUKEEBUCKS,102,1.23,4.26
HOUSTONROCKETS,99,NEWORLEANSPELICANS,107,1.45,2.76
UTAHJAZZ,125,TORONTORAPTORS,108,1.13,6.1
DENVERNUGGETS,101,DALLASMAVERICKS,102,1.56,2.45
PHOENIXSUNS,110,SANANTONIOSPURS,112,1.92,1.89
SACRAMENTOKINGS,100,LOSANGELESLAKERS,112,2.89,1.42
LOSANGELESCLIPPERS,107,OKLAHOMACITYTHUNDER,92,4.48,1.21
GOLDENSTATEWARRIORS,115,MEMPHISGRIZZLIES,109,1.56,2.48
CHICAGOBULLS,112,NEWYORKKNICKS,120,1.36,3.21
PORTLANDTRAILBLAZERS,106,OKLAHOMACITYTHUNDER,107,1.42,2.9
PHILADELPHIA76ERS,116,CLEVELANDCAVALIERS,123,1.46,2.75
ORLANDOMAGIC,105,BROOKLYNNETS,90,1.02,15.17
INDIANAPACERS,90,MILWAUKEEBUCKS,94,1.76,2.08
NEWYORKKNICKS,112,WASHINGTONWIZARDS,91,1.39,3.03
DETROITPISTONS,97,CHARLOTTEHORNETS,90,1.93,1.87
NEWORLEANSPELICANS,96,MIAMIHEAT,93,3.23,1.36
MINNESOTATIMBERWOLVES,103,ATLANTAHAWKS,113,3.51,1.32
BOSTONCELTICS,110,CHICAGOBULLS,105,1.25,3.99
PHOENIXSUNS,123,MEMPHISGRIZZLIES,118,1.39,3.03
LOSANGELESLAKERS,108,TORONTORAPTORS,103,1.05,11.3
GOLDENSTATEWARRIORS,85,UTAHJAZZ,78,2.04,1.79
DENVERNUGGETS,111,LOSANGELESCLIPPERS,104,1.13,6.16
WASHINGTONWIZARDS,102,CLEVELANDCAVALIERS,107,1.53,2.54
CHARLOTTEHORNETS,88,ORLANDOMAGIC,91,3.35,1.34
MIAMIHEAT,101,BROOKLYNNETS,89,1.02,17.28
SANANTONIOSPURS,124,HOUSTONROCKETS,121,1.35,3.26
MILWAUKEEBUCKS,81,NEWORLEANSPELICANS,87,1.6,2.36
UTAHJAZZ,109,LOSANGELESCLIPPERS,107,1.1,7.28
DALLASMAVERICKS,92,DENVERNUGGETS,103,1.37,3.14
SACRAMENTOKINGS,91,MEMPHISGRIZZLIES,100,1.44,2.82
PORTLANDTRAILBLAZERS,97,TORONTORAPTORS,84,1.08,8.34
NEWYORKKNICKS,96,PHILADELPHIA76ERS,106,1.3,3.63
ATLANTAHAWKS,114,PHOENIXSUNS,118,1.42,2.91
DETROITPISTONS,102,GOLDENSTATEWARRIORS,97,2.02,1.8
OKLAHOMACITYTHUNDER,83,BOSTONCELTICS,92,1.74,2.12
HOUSTONROCKETS,120,MINNESOTATIMBERWOLVES,94,1.21,4.52
LOSANGELESLAKERS,121,PORTLANDTRAILBLAZERS,96,1.27,3.81
TORONTORAPTORS,102,GOLDENSTATEWARRIORS,109,1.88,1.92
ORLANDOMAGIC,93,ATLANTAHAWKS,89,1.21,4.54
CHARLOTTEHORNETS,91,SANANTONIOSPURS,95,2.51,1.54
MEMPHISGRIZZLIES,109,PHOENIXSUNS,99,1.48,2.68
CHICAGOBULLS,94,DENVERNUGGETS,92,1.72,2.14
DALLASMAVERICKS,89,BOSTONCELTICS,87,1.63,2.3
INDIANAPACERS,144,DENVERNUGGETS,113,2.0,1.83
BROOKLYNNETS,91,CLEVELANDCAVALIERS,93,1.69,2.2
MIAMIHEAT,114,UTAHJAZZ,116,1.15,5.55
NEWORLEANSPELICANS,101,LOSANGELESCLIPPERS,82,1.18,5.0
MILWAUKEEBUCKS,107,NEWYORKKNICKS,80,1.43,2.84
PORTLANDTRAILBLAZERS,100,DETROITPISTONS,78,1.14,5.7
LOSANGELESLAKERS,99,MINNESOTATIMBERWOLVES,94,1.02,16.72
WASHINGTONWIZARDS,98,HOUSTONROCKETS,91,2.36,1.6
TORONTORAPTORS,96,CHARLOTTEHORNETS,101,1.91,1.9
ORLANDOMAGIC,94,UTAHJAZZ,104,1.12,6.37
ATLANTAHAWKS,91,MILWAUKEEBUCKS,108,1.35,3.27
NEWYORKKNICKS,117,GOLDENSTATEWARRIORS,122,1.62,2.32
CLEVELANDCAVALIERS,87,BROOKLYNNETS,95,1.53,2.53
OKLAHOMACITYTHUNDER,109,PHILADELPHIA76ERS,103,1.2,4.6
MEMPHISGRIZZLIES,91,DALLASMAVERICKS,106,1.87,1.94
SANANTONIOSPURS,107,LOSANGELESCLIPPERS,95,1.05,10.9
SACRAMENTOKINGS,89,MINNESOTATIMBERWOLVES,98,1.15,5.54
MIAMIHEAT,107,BOSTONCELTICS,112,1.3,3.6
CHICAGOBULLS,120,GOLDENSTATEWARRIORS,90,1.3,3.6
DENVERNUGGETS,118,LOSANGELESLAKERS,112,2.32,1.62
WASHINGTONWIZARDS,85,CHARLOTTEHORNETS,93,1.91,1.9
ORLANDOMAGIC,106,TORONTORAPTORS,110,1.04,12.56
INDIANAPACERS,99,HOUSTONROCKETS,102,1.58,2.43
ATLANTAHAWKS,86,UTAHJAZZ,90,1.62,2.32
MINNESOTATIMBERWOLVES,112,NEWYORKKNICKS,103,2.41,1.57
DALLASMAVERICKS,99,PHILADELPHIA76ERS,90,1.18,4.93
PHOENIXSUNS,103,SACRAMENTOKINGS,89,1.29,3.68
OKLAHOMACITYTHUNDER,110,PORTLANDTRAILBLAZERS,108,1.72,2.15
LOSANGELESCLIPPERS,107,DETROITPISTONS,113,1.84,1.96
CHARLOTTEHORNETS,95,UTAHJAZZ,96,1.99,1.82
BROOKLYNNETS,90,ORLANDOMAGIC,91,3.51,1.31
MIAMIHEAT,109,TORONTORAPTORS,100,1.03,14.21
CLEVELANDCAVALIERS,85,INDIANAPACERS,99,1.74,2.11
NEWORLEANSPELICANS,107,PORTLANDTRAILBLAZERS,87,1.53,2.54
MEMPHISGRIZZLIES,110,BOSTONCELTICS,116,2.32,1.62
CHICAGOBULLS,103,WASHINGTONWIZARDS,96,1.12,6.11
SANANTONIOSPURS,116,PHILADELPHIA76ERS,93,1.13,5.81
MILWAUKEEBUCKS,79,GOLDENSTATEWARRIORS,72,1.31,3.57
ATLANTAHAWKS,111,MINNESOTATIMBERWOLVES,105,1.13,5.87
SACRAMENTOKINGS,94,DETROITPISTONS,100,1.49,2.66
OKLAHOMACITYTHUNDER,104,SANANTONIOSPURS,117,1.71,2.17
NEWYORKKNICKS,96,HOUSTONROCKETS,104,1.67,2.22
LOSANGELESLAKERS,116,PHOENIXSUNS,121,1.19,4.75
ORLANDOMAGIC,89,MEMPHISGRIZZLIES,72,1.22,4.45
CHARLOTTEHORNETS,113,MINNESOTATIMBERWOLVES,110,1.21,4.58
DALLASMAVERICKS,98,NEWORLEANSPELICANS,95,1.62,2.31
UTAHJAZZ,108,OKLAHOMACITYTHUNDER,115,1.36,3.2
PHOENIXSUNS,100,DENVERNUGGETS,94,1.71,2.16
LOSANGELESCLIPPERS,96,BROOKLYNNETS,110,1.76,2.07
GOLDENSTATEWARRIORS,101,DETROITPISTONS,97,1.35,3.27
WASHINGTONWIZARDS,109,TORONTORAPTORS,94,1.98,1.84
INDIANAPACERS,92,ATLANTAHAWKS,102,2.09,1.75
CLEVELANDCAVALIERS,101,PHILADELPHIA76ERS,93,1.66,2.24
MILWAUKEEBUCKS,107,LOSANGELESLAKERS,118,2.54,1.53
MEMPHISGRIZZLIES,99,PORTLANDTRAILBLAZERS,100,1.94,1.86
HOUSTONROCKETS,92,CHICAGOBULLS,95,1.85,1.95
DENVERNUGGETS,120,NEWYORKKNICKS,118,1.25,4.07
PHILADELPHIA76ERS,86,TORONTORAPTORS,94,1.62,2.31
MIAMIHEAT,123,PHOENIXSUNS,96,1.21,4.44
DETROITPISTONS,90,LOSANGELESLAKERS,103,3.86,1.26
BOSTONCELTICS,114,WASHINGTONWIZARDS,83,1.05,10.76
OKLAHOMACITYTHUNDER,116,HOUSTONROCKETS,99,1.31,3.52
NEWORLEANSPELICANS,99,DALLASMAVERICKS,97,1.48,2.67
MINNESOTATIMBERWOLVES,113,LOSANGELESCLIPPERS,111,1.53,2.53
UTAHJAZZ,98,BROOKLYNNETS,88,1.15,5.58
SANANTONIOSPURS,103,CHICAGOBULLS,94,1.31,3.48
SACRAMENTOKINGS,106,NEWYORKKNICKS,113,1.54,2.51
INDIANAPACERS,107,LOSANGELESCLIPPERS,80,1.25,4.06
ORLANDOMAGIC,105,PHOENIXSUNS,89,1.13,5.79
PORTLANDTRAILBLAZERS,86,DENVERNUGGETS,83,1.72,2.14
WASHINGTONWIZARDS,89,MEMPHISGRIZZLIES,86,2.35,1.62
TORONTORAPTORS,106,HOUSTONROCKETS,96,2.01,1.81
PHILADELPHIA76ERS,90,MILWAUKEEBUCKS,79,2.52,1.54
BOSTONCELTICS,84,OKLAHOMACITYTHUNDER,89,1.21,4.58
MIAMIHEAT,95,CHARLOTTEHORNETS,87,1.11,7.05
NEWORLEANSPELICANS,108,CLEVELANDCAVALIERS,101,1.18,4.95
MINNESOTATIMBERWOLVES,95,LOSANGELESLAKERS,112,5.16,1.17
UTAHJAZZ,82,SANANTONIOSPURS,94,1.73,2.12
DALLASMAVERICKS,83,CHICAGOBULLS,88,1.48,2.69
SACRAMENTOKINGS,86,BROOKLYNNETS,81,1.62,2.31
GOLDENSTATEWARRIORS,119,NEWYORKKNICKS,125,1.55,2.48
INDIANAPACERS,86,ORLANDOMAGIC,90,2.81,1.45
CHARLOTTEHORNETS,123,PHOENIXSUNS,105,1.74,2.11
MEMPHISGRIZZLIES,97,MIAMIHEAT,95,3.06,1.38
ATLANTAHAWKS,93,DALLASMAVERICKS,98,1.68,2.21
SANANTONIOSPURS,116,CLEVELANDCAVALIERS,92,1.12,6.2
MILWAUKEEBUCKS,81,OKLAHOMACITYTHUNDER,82,1.43,2.88
DENVERNUGGETS,107,BROOKLYNNETS,103,1.13,5.87
PORTLANDTRAILBLAZERS,94,UTAHJAZZ,103,1.58,2.4
LOSANGELESCLIPPERS,115,NEWYORKKNICKS,124,1.82,1.99
TORONTORAPTORS,102,BOSTONCELTICS,101,2.87,1.43
SACRAMENTOKINGS,71,NEWORLEANSPELICANS,75,2.72,1.47
DETROITPISTONS,115,WASHINGTONWIZARDS,110,1.53,2.55
LOSANGELESLAKERS,117,GOLDENSTATEWARRIORS,89,1.1,7.29
ATLANTAHAWKS,76,BOSTONCELTICS,99,1.71,2.18
MIAMIHEAT,77,INDIANAPACERS,93,1.16,5.28
OKLAHOMACITYTHUNDER,117,MINNESOTATIMBERWOLVES,107,1.16,5.24
SANANTONIOSPURS,106,ORLANDOMAGIC,97,1.59,2.37
HOUSTONROCKETS,116,PHOENIXSUNS,123,1.66,2.24
UTAHJAZZ,94,SACRAMENTOKINGS,83,1.12,6.51
LOSANGELESCLIPPERS,99,NEWORLEANSPELICANS,95,2.91,1.42
GOLDENSTATEWARRIORS,89,DENVERNUGGETS,106,2.1,1.74
WASHINGTONWIZARDS,116,PHILADELPHIA76ERS,114,1.71,2.18
INDIANAPACERS,100,CLEVELANDCAVALIERS,89,1.47,2.7
BROOKLYNNETS,107,ATLANTAHAWKS,101,2.31,1.62
NEWYORKKNICKS,110,CHARLOTTEHORNETS,107,1.66,2.24
DALLASMAVERICKS,88,DETROITPISTONS,84,1.16,5.28
LOSANGELESLAKERS,98,CHICAGOBULLS,91,1.21,4.46
TORONTORAPTORS,106,PHILADELPHIA76ERS,90,1.41,2.93
CLEVELANDCAVALIERS,83,MILWAUKEEBUCKS,81,2.01,1.81
CHARLOTTEHORNETS,95,NEWYORKKNICKS,99,1.41,2.94
ORLANDOMAGIC,104,MIAMIHEAT,95,1.54,2.5
BOSTONCELTICS,89,BROOKLYNNETS,83,1.11,6.92
OKLAHOMACITYTHUNDER,103,DALLASMAVERICKS,111,1.56,2.47
MINNESOTATIMBERWOLVES,109,SANANTONIOSPURS,113,3.82,1.27
MEMPHISGRIZZLIES,105,DETROITPISTONS,84,1.33,3.37
HOUSTONROCKETS,111,GOLDENSTATEWARRIORS,101,1.42,2.89
UTAHJAZZ,105,NEWORLEANSPELICANS,87,1.55,2.49
PHOENIXSUNS,115,CHICAGOBULLS,123,1.68,2.21
ATLANTAHAWKS,116,WASHINGTONWIZARDS,96,1.3,3.63
LOSANGELESCLIPPERS,100,SACRAMENTOKINGS,82,1.69,2.19
ORLANDOMAGIC,111,CLEVELANDCAVALIERS,100,1.12,6.57
CHARLOTTEHORNETS,99,HOUSTONROCKETS,89,1.56,2.47
MIAMIHEAT,99,PHILADELPHIA76ERS,90,1.11,6.64
DETROITPISTONS,103,MILWAUKEEBUCKS,89,1.95,1.86
BOSTONCELTICS,110,TORONTORAPTORS,101,1.15,5.47
INDIANAPACERS,106,OKLAHOMACITYTHUNDER,110,1.79,2.03
SANANTONIOSPURS,94,DALLASMAVERICKS,103,1.5,2.62
UTAHJAZZ,102,LOSANGELESLAKERS,96,1.94,1.86
PHOENIXSUNS,116,LOSANGELESCLIPPERS,108,1.18,4.98
DENVERNUGGETS,98,CHICAGOBULLS,97,1.41,2.95
MEMPHISGRIZZLIES,116,GOLDENSTATEWARRIORS,111,1.32,3.43
PORTLANDTRAILBLAZERS,78,NEWORLEANSPELICANS,97,1.53,2.53
NEWYORKKNICKS,90,ATLANTAHAWKS,99,1.83,1.98
WASHINGTONWIZARDS,99,ORLANDOMAGIC,100,3.48,1.32
PHILADELPHIA76ERS,102,BROOKLYNNETS,86,1.82,2.0
CLEVELANDCAVALIERS,92,MEMPHISGRIZZLIES,86,1.96,1.85
MINNESOTATIMBERWOLVES,94,GOLDENSTATEWARRIORS,104,1.7,2.18
DALLASMAVERICKS,106,MIAMIHEAT,95,1.73,2.11
MILWAUKEEBUCKS,104,CHARLOTTEHORNETS,101,1.6,2.36
SACRAMENTOKINGS,85,CHICAGOBULLS,96,2.26,1.65
TORONTORAPTORS,78,ATLANTAHAWKS,96,1.94,1.86
DETROITPISTONS,116,NEWYORKKNICKS,125,1.79,2.02
NEWORLEANSPELICANS,95,SANANTONIOSPURS,109,1.88,1.92
LOSANGELESCLIPPERS,97,UTAHJAZZ,109,3.29,1.35
HOUSTONROCKETS,99,OKLAHOMACITYTHUNDER,98,2.16,1.71
BROOKLYNNETS,98,PORTLANDTRAILBLAZERS,96,2.61,1.51
DENVERNUGGETS,138,PHOENIXSUNS,133,1.45,2.77
LOSANGELESLAKERS,92,INDIANAPACERS,95,1.18,5.04
MIAMIHEAT,105,WASHINGTONWIZARDS,94,1.06,9.86
OKLAHOMACITYTHUNDER,95,NEWORLEANSPELICANS,89,1.59,2.38
DALLASMAVERICKS,101,HOUSTONROCKETS,91,1.19,4.86
UTAHJAZZ,109,MILWAUKEEBUCKS,88,1.17,5.13
PHILADELPHIA76ERS,88,PORTLANDTRAILBLAZERS,79,2.39,1.58
ORLANDOMAGIC,90,DETROITPISTONS,79,1.1,7.08
CLEVELANDCAVALIERS,87,BOSTONCELTICS,106,3.54,1.31
NEWYORKKNICKS,111,BROOKLYNNETS,100,1.5,2.61
MEMPHISGRIZZLIES,98,LOSANGELESLAKERS,96,2.96,1.41
SACRAMENTOKINGS,98,INDIANAPACERS,107,2.52,1.52
GOLDENSTATEWARRIORS,98,SANANTONIOSPURS,118,2.51,1.54
TORONTORAPTORS,127,WASHINGTONWIZARDS,108,1.51,2.6
BROOKLYNNETS,120,OKLAHOMACITYTHUNDER,123,2.85,1.43
ATLANTAHAWKS,112,MEMPHISGRIZZLIES,109,1.43,2.87
MIAMIHEAT,97,DETROITPISTONS,72,1.09,7.94
BOSTONCELTICS,99,PORTLANDTRAILBLAZERS,95,1.32,3.45
NEWORLEANSPELICANS,89,CHARLOTTEHORNETS,73,1.23,4.2
CHICAGOBULLS,78,ORLANDOMAGIC,107,1.76,2.06
HOUSTONROCKETS,109,LOSANGELESLAKERS,99,3.19,1.36
DALLASMAVERICKS,100,MINNESOTATIMBERWOLVES,86,1.13,6.15
UTAHJAZZ,110,INDIANAPACERS,88,1.26,3.97
DENVERNUGGETS,105,MILWAUKEEBUCKS,94,1.21,4.43
LOSANGELESCLIPPERS,90,SANANTONIOSPURS,85,3.57,1.3
CLEVELANDCAVALIERS,90,MIAMIHEAT,118,2.88,1.42
GOLDENSTATEWARRIORS,101,PHOENIXSUNS,107,1.71,2.16
WASHINGTONWIZARDS,83,PORTLANDTRAILBLAZERS,79,2.48,1.55
TORONTORAPTORS,111,OKLAHOMACITYTHUNDER,99,1.96,1.86
CHARLOTTEHORNETS,91,BROOKLYNNETS,84,1.36,3.25
DETROITPISTONS,91,ORLANDOMAGIC,104,2.57,1.53
ATLANTAHAWKS,93,PHILADELPHIA76ERS,88,1.39,3.04
NEWORLEANSPELICANS,92,NEWYORKKNICKS,100,1.41,2.92
MEMPHISGRIZZLIES,111,HOUSTONROCKETS,127,1.49,2.66
BOSTONCELTICS,104,CHICAGOBULLS,92,1.43,2.84
SANANTONIOSPURS,107,MINNESOTATIMBERWOLVES,101,1.07,8.76
PHOENIXSUNS,105,INDIANAPACERS,97,1.86,1.93
DENVERNUGGETS,109,LOSANGELESCLIPPERS,104,1.16,5.22
UTAHJAZZ,81,DALLASMAVERICKS,93,1.53,2.53
LOSANGELESLAKERS,113,SACRAMENTOKINGS,80,1.07,9.16
PHILADELPHIA76ERS,109,CHARLOTTEHORNETS,91,1.55,2.49
MIAMIHEAT,89,ATLANTAHAWKS,77,1.21,4.5
MINNESOTATIMBERWOLVES,129,CLEVELANDCAVALIERS,95,1.84,1.96
CHICAGOBULLS,119,HOUSTONROCKETS,116,1.31,3.49
MILWAUKEEBUCKS,96,ORLANDOMAGIC,85,1.54,2.54
SACRAMENTOKINGS,103,DALLASMAVERICKS,105,3.87,1.27
TORONTORAPTORS,99,NEWYORKKNICKS,116,1.78,2.05
BROOKLYNNETS,75,BOSTONCELTICS,100,3.02,1.39
DETROITPISTONS,102,CLEVELANDCAVALIERS,92,1.48,2.7
SANANTONIOSPURS,109,NEWORLEANSPELICANS,84,1.32,3.46
OKLAHOMACITYTHUNDER,114,GOLDENSTATEWARRIORS,109,1.34,3.36
PHOENIXSUNS,125,WASHINGTONWIZARDS,108,1.24,4.09
DENVERNUGGETS,108,MEMPHISGRIZZLIES,107,1.35,3.24
PORTLANDTRAILBLAZERS,100,LOSANGELESCLIPPERS,91,1.31,3.48
ORLANDOMAGIC,74,ATLANTAHAWKS,80,1.35,3.25
INDIANAPACERS,124,TORONTORAPTORS,100,1.3,3.63
NEWYORKKNICKS,121,MINNESOTATIMBERWOLVES,114,1.31,3.51
MILWAUKEEBUCKS,78,MIAMIHEAT,88,2.89,1.42
CHICAGOBULLS,99,OKLAHOMACITYTHUNDER,90,1.5,2.63
UTAHJAZZ,94,MEMPHISGRIZZLIES,85,1.15,5.48
LOSANGELESCLIPPERS,98,SACRAMENTOKINGS,91,1.52,2.57
PHILADELPHIA76ERS,117,CLEVELANDCAVALIERS,97,1.31,3.47
CHARLOTTEHORNETS,100,DENVERNUGGETS,98,2.06,1.77
ATLANTAHAWKS,116,BROOKLYNNETS,101,1.34,3.29
HOUSTONROCKETS,97,DETROITPISTONS,83,1.31,3.52
DALLASMAVERICKS,105,GOLDENSTATEWARRIORS,100,1.2,4.68
PORTLANDTRAILBLAZERS,106,PHOENIXSUNS,99,1.69,2.2
LOSANGELESLAKERS,115,WASHINGTONWIZARDS,108,1.04,11.74
CLEVELANDCAVALIERS,83,CHICAGOBULLS,88,3.63,1.29
BOSTONCELTICS,105,DENVERNUGGETS,89,1.23,4.27
NEWYORKKNICKS,113,TORONTORAPTORS,110,1.32,3.45
NEWORLEANSPELICANS,93,DETROITPISTONS,74,1.15,5.56
MINNESOTATIMBERWOLVES,103,OKLAHOMACITYTHUNDER,111,2.89,1.42
MILWAUKEEBUCKS,97,INDIANAPACERS,95,1.75,2.09
SANANTONIOSPURS,111,GOLDENSTATEWARRIORS,94,1.12,6.29
UTAHJAZZ,98,MIAMIHEAT,111,1.92,1.88
PHOENIXSUNS,98,MEMPHISGRIZZLIES,104,1.57,2.44
SACRAMENTOKINGS,116,WASHINGTONWIZARDS,91,1.53,2.52
LOSANGELESCLIPPERS,86,LOSANGELESLAKERS,87,3.98,1.26
PHILADELPHIA76ERS,101,BOSTONCELTICS,102,2.8,1.45
DALLASMAVERICKS,102,BROOKLYNNETS,89,1.13,5.94
PORTLANDTRAILBLAZERS,97,ORLANDOMAGIC,83,2.2,1.68
WASHINGTONWIZARDS,95,NEWYORKKNICKS,101,2.27,1.66
TORONTORAPTORS,116,DENVERNUGGETS,123,1.86,1.95
INDIANAPACERS,100,CHARLOTTEHORNETS,92,1.36,3.25
NEWORLEANSPELICANS,92,OKLAHOMACITYTHUNDER,97,1.61,2.35
MINNESOTATIMBERWOLVES,109,DETROITPISTONS,99,1.56,2.45
CHICAGOBULLS,88,LOSANGELESLAKERS,84,2.06,1.77
SANANTONIOSPURS,108,ATLANTAHAWKS,92,1.22,4.38
MILWAUKEEBUCKS,97,HOUSTONROCKETS,91,1.54,2.49
UTAHJAZZ,117,ORLANDOMAGIC,105,1.62,2.31
PHOENIXSUNS,94,PORTLANDTRAILBLAZERS,101,1.45,2.8
GOLDENSTATEWARRIORS,84,MIAMIHEAT,106,4.71,1.2
LOSANGELESCLIPPERS,83,MEMPHISGRIZZLIES,84,1.9,1.91
CHARLOTTEHORNETS,62,BOSTONCELTICS,93,3.72,1.28
ATLANTAHAWKS,97,INDIANAPACERS,83,1.58,2.41
DETROITPISTONS,116,TORONTORAPTORS,120,1.72,2.14
CHICAGOBULLS,113,MINNESOTATIMBERWOLVES,82,1.16,5.26
HOUSTONROCKETS,110,CLEVELANDCAVALIERS,95,1.24,4.2
DALLASMAVERICKS,103,UTAHJAZZ,97,1.42,2.89
SACRAMENTOKINGS,83,MIAMIHEAT,104,5.06,1.18
PHILADELPHIA76ERS,88,NEWORLEANSPELICANS,70,1.92,1.88
NEWYORKKNICKS,129,DENVERNUGGETS,125,1.72,2.15
BROOKLYNNETS,92,LOSANGELESLAKERS,99,4.65,1.2
SANANTONIOSPURS,95,PORTLANDTRAILBLAZERS,78,1.27,3.81
OKLAHOMACITYTHUNDER,106,CLEVELANDCAVALIERS,77,1.05,11.04
LOSANGELESCLIPPERS,85,ORLANDOMAGIC,94,3.97,1.26
MIAMIHEAT,96,NEWORLEANSPELICANS,84,1.08,8.13
MEMPHISGRIZZLIES,86,PORTLANDTRAILBLAZERS,73,1.61,2.33
CHICAGOBULLS,92,INDIANAPACERS,73,1.2,4.66
DALLASMAVERICKS,99,MILWAUKEEBUCKS,103,1.26,3.94
UTAHJAZZ,108,GOLDENSTATEWARRIORS,95,1.11,6.99
WASHINGTONWIZARDS,89,LOSANGELESLAKERS,103,6.73,1.11
CHARLOTTEHORNETS,97,TORONTORAPTORS,91,1.45,2.81
BROOKLYNNETS,77,PHILADELPHIA76ERS,82,2.01,1.81
DETROITPISTONS,103,ATLANTAHAWKS,80,2.57,1.52
HOUSTONROCKETS,118,SACRAMENTOKINGS,105,1.18,4.9
DENVERNUGGETS,111,ORLANDOMAGIC,94,2.08,1.75
GOLDENSTATEWARRIORS,108,MINNESOTATIMBERWOLVES,99,1.65,2.27
TORONTORAPTORS,93,CHICAGOBULLS,110,3.1,1.38
PHILADELPHIA76ERS,105,LOSANGELESCLIPPERS,91,1.41,2.94
NEWYORKKNICKS,116,BOSTONCELTICS,118,2.55,1.53
INDIANAPACERS,94,LOSANGELESLAKERS,109,2.64,1.5
MIAMIHEAT,101,CLEVELANDCAVALIERS,95,1.02,16.53
OKLAHOMACITYTHUNDER,117,HOUSTONROCKETS,105,1.26,3.96
NEWORLEANSPELICANS,94,SACRAMENTOKINGS,91,1.14,5.75
MEMPHISGRIZZLIES,113,CHARLOTTEHORNETS,80,1.21,4.44
SANANTONIOSPURS,92,MILWAUKEEBUCKS,90,1.19,4.82
PHOENIXSUNS,128,MINNESOTATIMBERWOLVES,122,1.14,5.66
DALLASMAVERICKS,103,PORTLANDTRAILBLAZERS,98,1.34,3.29
BROOKLYNNETS,97,WASHINGTONWIZARDS,89,1.36,3.19
BOSTONCELTICS,102,ATLANTAHAWKS,90,1.29,3.64
DENVERNUGGETS,112,SANANTONIOSPURS,113,1.86,1.94
TORONTORAPTORS,98,BROOKLYNNETS,92,1.41,2.97
PHILADELPHIA76ERS,81,LOSANGELESLAKERS,93,2.9,1.42
NEWYORKKNICKS,91,MIAMIHEAT,113,2.67,1.48
INDIANAPACERS,108,CLEVELANDCAVALIERS,99,1.2,4.68
DETROITPISTONS,88,LOSANGELESCLIPPERS,109,1.63,2.3
ATLANTAHAWKS,90,CHARLOTTEHORNETS,85,1.32,3.45
OKLAHOMACITYTHUNDER,102,SACRAMENTOKINGS,87,1.1,7.26
NEWORLEANSPELICANS,100,UTAHJAZZ,71,1.97,1.84
HOUSTONROCKETS,103,MEMPHISGRIZZLIES,87,1.69,2.2
DALLASMAVERICKS,106,PHOENIXSUNS,91,1.29,3.62
PORTLANDTRAILBLAZERS,107,MINNESOTATIMBERWOLVES,102,1.22,4.36
WASHINGTONWIZARDS,94,MIAMIHEAT,95,9.89,1.06
ORLANDOMAGIC,89,PHILADELPHIA76ERS,97,1.34,3.37
CLEVELANDCAVALIERS,109,NEWYORKKNICKS,102,2.75,1.46
CHICAGOBULLS,99,LOSANGELESCLIPPERS,100,1.15,5.44
SANANTONIOSPURS,112,MEMPHISGRIZZLIES,106,1.11,7.01
MILWAUKEEBUCKS,86,UTAHJAZZ,95,1.79,2.03
DENVERNUGGETS,115,MINNESOTATIMBERWOLVES,113,1.12,6.4
PORTLANDTRAILBLAZERS,96,GOLDENSTATEWARRIORS,95,1.44,2.85
TORONTORAPTORS,110,LOSANGELESLAKERS,120,4.03,1.25
BROOKLYNNETS,89,ATLANTAHAWKS,82,2.42,1.58
BOSTONCELTICS,99,INDIANAPACERS,88,1.25,4.07
SACRAMENTOKINGS,93,HOUSTONROCKETS,102,2.4,1.58
DETROITPISTONS,111,NEWORLEANSPELICANS,108,2.62,1.5
OKLAHOMACITYTHUNDER,110,PHOENIXSUNS,113,1.15,5.36
WASHINGTONWIZARDS,108,CHARLOTTEHORNETS,75,1.63,2.32
INDIANAPACERS,94,NEWORLEANSPELICANS,93,1.58,2.44
CLEVELANDCAVALIERS,90,UTAHJAZZ,101,3.3,1.34
ATLANTAHAWKS,91,ORLANDOMAGIC,81,2.17,1.7
MIAMIHEAT,96,DALLASMAVERICKS,98,1.31,3.54
SANANTONIOSPURS,118,PHOENIXSUNS,110,1.11,6.63
PORTLANDTRAILBLAZERS,106,MILWAUKEEBUCKS,80,1.62,2.32
LOSANGELESCLIPPERS,113,MINNESOTATIMBERWOLVES,90,1.47,2.72
GOLDENSTATEWARRIORS,112,HOUSTONROCKETS,121,2.11,1.74
ORLANDOMAGIC,99,DALLASMAVERICKS,105,1.72,2.14
CHARLOTTEHORNETS,81,OKLAHOMACITYTHUNDER,99,3.34,1.34
MEMPHISGRIZZLIES,94,BROOKLYNNETS,101,1.33,3.39
CHICAGOBULLS,121,PHILADELPHIA76ERS,76,1.44,2.83
SACRAMENTOKINGS,109,GOLDENSTATEWARRIORS,117,1.6,2.37
LOSANGELESLAKERS,79,MILWAUKEEBUCKS,98,1.07,8.9
WASHINGTONWIZARDS,80,CHICAGOBULLS,87,2.48,1.56
TORONTORAPTORS,93,DETROITPISTONS,115,1.45,2.78
ATLANTAHAWKS,98,CLEVELANDCAVALIERS,84,1.15,5.36
NEWYORKKNICKS,112,OKLAHOMACITYTHUNDER,98,1.83,1.97
BOSTONCELTICS,84,PHILADELPHIA76ERS,80,1.18,4.91
NEWORLEANSPELICANS,105,BROOKLYNNETS,91,1.21,4.5
MINNESOTATIMBERWOLVES,107,UTAHJAZZ,112,3.19,1.36
SANANTONIOSPURS,109,DENVERNUGGETS,103,1.25,4.0
LOSANGELESCLIPPERS,92,HOUSTONROCKETS,97,1.83,1.98
ORLANDOMAGIC,123,SANANTONIOSPURS,101,1.77,2.06
SACRAMENTOKINGS,79,MILWAUKEEBUCKS,84,2.11,1.74
PHOENIXSUNS,83,MIAMIHEAT,95,3.0,1.4
NEWYORKKNICKS,103,CHICAGOBULLS,95,1.73,2.12
ORLANDOMAGIC,86,BOSTONCELTICS,78,1.69,2.19
LOSANGELESLAKERS,80,MIAMIHEAT,96,1.6,2.37
OKLAHOMACITYTHUNDER,114,DENVERNUGGETS,106,1.35,3.25
GOLDENSTATEWARRIORS,109,PORTLANDTRAILBLAZERS,102,1.65,2.27
LOSANGELESCLIPPERS,108,PHOENIXSUNS,103,1.92,1.88
DETROITPISTONS,92,CHICAGOBULLS,95,2.61,1.5
CLEVELANDCAVALIERS,97,MINNESOTATIMBERWOLVES,98,1.72,2.14
SANANTONIOSPURS,94,WASHINGTONWIZARDS,80,1.03,12.55
NEWORLEANSPELICANS,93,ATLANTAHAWKS,86,1.55,2.52
INDIANAPACERS,90,MEMPHISGRIZZLIES,104,1.47,2.75
DENVERNUGGETS,89,PHILADELPHIA76ERS,95,1.56,2.46
CHARLOTTEHORNETS,105,DETROITPISTONS,100,1.44,2.84
BROOKLYNNETS,88,ORLANDOMAGIC,104,3.09,1.38
OKLAHOMACITYTHUNDER,93,DALLASMAVERICKS,103,1.77,2.05
MINNESOTATIMBERWOLVES,113,NEWORLEANSPELICANS,98,2.51,1.54
MILWAUKEEBUCKS,80,ATLANTAHAWKS,95,1.71,2.16
MEMPHISGRIZZLIES,96,TORONTORAPTORS,85,1.34,3.3
HOUSTONROCKETS,100,WASHINGTONWIZARDS,93,1.17,5.17
UTAHJAZZ,91,PORTLANDTRAILBLAZERS,96,1.26,3.89
SACRAMENTOKINGS,99,LOSANGELESCLIPPERS,100,1.91,1.9
GOLDENSTATEWARRIORS,110,PHILADELPHIA76ERS,95,1.59,2.38
INDIANAPACERS,83,BOSTONCELTICS,95,2.96,1.41
CLEVELANDCAVALIERS,95,ORLANDOMAGIC,110,3.92,1.26
MIAMIHEAT,106,NEWYORKKNICKS,98,1.2,4.6
CHICAGOBULLS,90,MILWAUKEEBUCKS,77,1.19,4.73
DALLASMAVERICKS,76,TORONTORAPTORS,84,1.12,6.29
SANANTONIOSPURS,97,LOSANGELESLAKERS,82,1.64,2.27
DENVERNUGGETS,95,PORTLANDTRAILBLAZERS,77,1.29,3.65
WASHINGTONWIZARDS,104,INDIANAPACERS,90,1.69,2.19
CHARLOTTEHORNETS,101,CLEVELANDCAVALIERS,92,1.29,3.74
ATLANTAHAWKS,103,GOLDENSTATEWARRIORS,93,1.29,3.7
DETROITPISTONS,104,BOSTONCELTICS,92,3.21,1.36
OKLAHOMACITYTHUNDER,114,BROOKLYNNETS,93,1.19,4.83
NEWORLEANSPELICANS,88,LOSANGELESLAKERS,103,2.35,1.6
HOUSTONROCKETS,119,MIAMIHEAT,125,2.87,1.42
PHOENIXSUNS,110,PHILADELPHIA76ERS,123,1.39,3.03
SACRAMENTOKINGS,100,MEMPHISGRIZZLIES,98,2.58,1.52
LOSANGELESCLIPPERS,95,UTAHJAZZ,103,2.07,1.76
ORLANDOMAGIC,112,NEWYORKKNICKS,103,1.27,3.83
DALLASMAVERICKS,93,SANANTONIOSPURS,99,2.41,1.58
PORTLANDTRAILBLAZERS,100,UTAHJAZZ,89,1.87,1.94
INDIANAPACERS,95,WASHINGTONWIZARDS,86,1.37,3.12
CHICAGOBULLS,90,BROOKLYNNETS,81,1.14,5.78
CHARLOTTEHORNETS,95,GOLDENSTATEWARRIORS,96,1.57,2.45
BOSTONCELTICS,81,NEWORLEANSPELICANS,83,1.44,2.9
HOUSTONROCKETS,114,TORONTORAPTORS,105,1.2,4.58
OKLAHOMACITYTHUNDER,103,ATLANTAHAWKS,94,1.44,2.82
PHOENIXSUNS,92,DETROITPISTONS,75,1.33,3.36
LOSANGELESLAKERS,102,PHILADELPHIA76ERS,98,1.14,5.77
WASHINGTONWIZARDS,81,NEWORLEANSPELICANS,92,1.94,1.86
CHICAGOBULLS,100,CLEVELANDCAVALIERS,91,1.05,11.0
MIAMIHEAT,114,GOLDENSTATEWARRIORS,107,1.09,7.71
MINNESOTATIMBERWOLVES,103,BROOKLYNNETS,88,1.45,2.77
SANANTONIOSPURS,101,OKLAHOMACITYTHUNDER,74,1.33,3.36
UTAHJAZZ,98,MEMPHISGRIZZLIES,92,1.33,3.37
MILWAUKEEBUCKS,99,DALLASMAVERICKS,87,2.11,1.74
DENVERNUGGETS,104,SACRAMENTOKINGS,86,1.13,5.98
NEWYORKKNICKS,98,INDIANAPACERS,92,1.32,3.46
LOSANGELESCLIPPERS,98,ATLANTAHAWKS,107,2.04,1.79
TORONTORAPTORS,79,BOSTONCELTICS,93,2.98,1.4
CLEVELANDCAVALIERS,95,DALLASMAVERICKS,104,2.86,1.43
SACRAMENTOKINGS,94,PHOENIXSUNS,89,2.78,1.45
PORTLANDTRAILBLAZERS,100,HOUSTONROCKETS,85,1.58,2.42
LOSANGELESLAKERS,85,MEMPHISGRIZZLIES,104,1.15,5.45
ORLANDOMAGIC,110,GOLDENSTATEWARRIORS,90,1.12,6.23
CHARLOTTEHORNETS,82,MIAMIHEAT,96,4.85,1.18
BOSTONCELTICS,96,MINNESOTATIMBERWOLVES,93,1.24,4.16
NEWORLEANSPELICANS,84,PHILADELPHIA76ERS,77,1.35,3.28
UTAHJAZZ,102,DETROITPISTONS,97,1.18,4.88
DENVERNUGGETS,113,HOUSTONROCKETS,106,1.3,3.56
NEWYORKKNICKS,128,SANANTONIOSPURS,115,2.87,1.42
MIAMIHEAT,101,MILWAUKEEBUCKS,89,1.15,5.42
MEMPHISGRIZZLIES,110,OKLAHOMACITYTHUNDER,105,1.98,1.83
CHICAGOBULLS,111,TORONTORAPTORS,91,1.18,4.9
DALLASMAVERICKS,84,PORTLANDTRAILBLAZERS,81,1.66,2.25
LOSANGELESLAKERS,108,DETROITPISTONS,83,1.07,9.11
PHILADELPHIA76ERS,109,WASHINGTONWIZARDS,97,1.33,3.39
ORLANDOMAGIC,97,MILWAUKEEBUCKS,87,1.08,8.3
CLEVELANDCAVALIERS,105,TORONTORAPTORS,120,1.73,2.14
BROOKLYNNETS,96,CHICAGOBULLS,94,2.72,1.47
BOSTONCELTICS,105,SANANTONIOSPURS,103,1.71,2.15
NEWORLEANSPELICANS,103,GOLDENSTATEWARRIORS,110,1.36,3.25
MINNESOTATIMBERWOLVES,105,CHARLOTTEHORNETS,108,1.29,3.64
HOUSTONROCKETS,100,PORTLANDTRAILBLAZERS,103,1.49,2.65
UTAHJAZZ,87,ATLANTAHAWKS,110,1.42,2.94
PHOENIXSUNS,95,LOSANGELESLAKERS,99,2.6,1.51
LOSANGELESCLIPPERS,106,DENVERNUGGETS,93,2.23,1.68
DALLASMAVERICKS,95,OKLAHOMACITYTHUNDER,99,2.24,1.66
SACRAMENTOKINGS,122,DENVERNUGGETS,102,2.75,1.46
WASHINGTONWIZARDS,97,BROOKLYNNETS,77,1.46,2.79
PHILADELPHIA76ERS,105,CHICAGOBULLS,99,1.98,1.83
INDIANAPACERS,87,SANANTONIOSPURS,90,2.74,1.47
BOSTONCELTICS,122,TORONTORAPTORS,102,1.17,5.26
ORLANDOMAGIC,110,HOUSTONROCKETS,95,1.17,5.26
MINNESOTATIMBERWOLVES,98,PORTLANDTRAILBLAZERS,108,2.18,1.7
MEMPHISGRIZZLIES,110,UTAHJAZZ,99,1.74,2.11
MILWAUKEEBUCKS,95,MIAMIHEAT,101,3.44,1.32
PHOENIXSUNS,96,NEWYORKKNICKS,121,1.73,2.14
LOSANGELESLAKERS,101,NEWORLEANSPELICANS,97,1.25,3.98
GOLDENSTATEWARRIORS,116,CLEVELANDCAVALIERS,98,1.13,6.08
CHARLOTTEHORNETS,104,WASHINGTONWIZARDS,89,1.59,2.4
BROOKLYNNETS,92,MILWAUKEEBUCKS,115,1.87,1.94
ATLANTAHAWKS,108,INDIANAPACERS,93,1.3,3.59
DETROITPISTONS,112,PHILADELPHIA76ERS,109,1.79,2.02
OKLAHOMACITYTHUNDER,109,MEMPHISGRIZZLIES,100,1.32,3.48
CHICAGOBULLS,90,BOSTONCELTICS,79,1.75,2.09
HOUSTONROCKETS,99,UTAHJAZZ,103,1.9,1.93
DALLASMAVERICKS,107,ORLANDOMAGIC,117,2.94,1.41
TORONTORAPTORS,118,SACRAMENTOKINGS,112,1.35,3.27
LOSANGELESCLIPPERS,105,GOLDENSTATEWARRIORS,91,1.54,2.52
SANANTONIOSPURS,94,MINNESOTATIMBERWOLVES,91,1.1,7.59
PHOENIXSUNS,108,CLEVELANDCAVALIERS,100,1.11,6.72
PORTLANDTRAILBLAZERS,100,MIAMIHEAT,107,2.79,1.45
DENVERNUGGETS,87,NEWORLEANSPELICANS,96,1.44,2.86
LOSANGELESLAKERS,109,NEWYORKKNICKS,87,1.32,3.42
CHARLOTTEHORNETS,96,MEMPHISGRIZZLIES,82,2.28,1.64
BOSTONCELTICS,102,HOUSTONROCKETS,108,1.18,4.97
CHICAGOBULLS,95,DETROITPISTONS,82,1.15,5.53
WASHINGTONWIZARDS,136,SACRAMENTOKINGS,133,1.32,3.43
PHILADELPHIA76ERS,103,INDIANAPACERS,111,1.43,2.86
MINNESOTATIMBERWOLVES,96,SANANTONIOSPURS,107,3.15,1.37
DENVERNUGGETS,132,PHOENIXSUNS,98,1.5,2.62
PORTLANDTRAILBLAZERS,86,NEWYORKKNICKS,100,1.51,2.59
LOSANGELESLAKERS,112,CLEVELANDCAVALIERS,57,1.02,16.05
TORONTORAPTORS,101,ATLANTAHAWKS,104,2.45,1.57
INDIANAPACERS,102,DALLASMAVERICKS,89,1.8,2.02
CHARLOTTEHORNETS,96,CHICAGOBULLS,91,2.31,1.63
DETROITPISTONS,99,MEMPHISGRIZZLIES,107,2.28,1.65
BOSTONCELTICS,119,SACRAMENTOKINGS,95,1.06,10.44
NEWORLEANSPELICANS,92,ORLANDOMAGIC,89,2.31,1.63
MILWAUKEEBUCKS,84,SANANTONIOSPURS,91,2.33,1.63
HOUSTONROCKETS,112,OKLAHOMACITYTHUNDER,118,2.3,1.64
UTAHJAZZ,131,NEWYORKKNICKS,125,1.33,3.38
PHOENIXSUNS,118,BROOKLYNNETS,109,1.39,3.09
LOSANGELESCLIPPERS,111,MIAMIHEAT,105,3.77,1.28
GOLDENSTATEWARRIORS,110,LOSANGELESLAKERS,115,3.1,1.39
OKLAHOMACITYTHUNDER,125,ORLANDOMAGIC,124,2.0,1.82
MINNESOTATIMBERWOLVES,109,WASHINGTONWIZARDS,97,1.53,2.56
DENVERNUGGETS,130,MIAMIHEAT,102,1.76,2.08
TORONTORAPTORS,95,DETROITPISTONS,101,1.41,2.97
PHILADELPHIA76ERS,95,MILWAUKEEBUCKS,94,1.45,2.8
INDIANAPACERS,86,CHICAGOBULLS,99,1.94,1.88
NEWYORKKNICKS,83,SACRAMENTOKINGS,93,1.21,4.51
BOSTONCELTICS,99,CHARLOTTEHORNETS,94,1.22,4.49
SANANTONIOSPURS,101,DALLASMAVERICKS,89,1.15,5.45
HOUSTONROCKETS,105,NEWORLEANSPELICANS,110,1.76,2.09
UTAHJAZZ,121,CLEVELANDCAVALIERS,99,1.03,14.09
PHOENIXSUNS,115,PORTLANDTRAILBLAZERS,111,2.04,1.78
LOSANGELESLAKERS,100,BROOKLYNNETS,88,1.05,10.67
GOLDENSTATEWARRIORS,122,LOSANGELESCLIPPERS,112,1.63,2.31
WASHINGTONWIZARDS,98,TORONTORAPTORS,95,1.46,2.77
CHARLOTTEHORNETS,81,NEWORLEANSPELICANS,88,1.61,2.35
ATLANTAHAWKS,106,HOUSTONROCKETS,112,1.22,4.32
DETROITPISTONS,110,SACRAMENTOKINGS,106,1.5,2.64
MEMPHISGRIZZLIES,89,DALLASMAVERICKS,70,1.51,2.65
CHICAGOBULLS,99,MIAMIHEAT,96,1.7,2.18
PORTLANDTRAILBLAZERS,96,BROOKLYNNETS,89,1.17,5.13
SANANTONIOSPURS,110,DENVERNUGGETS,97,1.29,3.67
GOLDENSTATEWARRIORS,109,BROOKLYNNETS,100,1.29,3.69
ATLANTAHAWKS,100,SACRAMENTOKINGS,98,1.17,5.15
BOSTONCELTICS,109,ORLANDOMAGIC,106,1.62,2.32
PORTLANDTRAILBLAZERS,113,MINNESOTATIMBERWOLVES,102,1.26,3.87
LOSANGELESLAKERS,101,OKLAHOMACITYTHUNDER,94,1.47,2.71
MIAMIHEAT,89,ATLANTAHAWKS,93,1.4,3.03
CHICAGOBULLS,82,CHARLOTTEHORNETS,83,1.26,4.0
ORLANDOMAGIC,99,PHILADELPHIA76ERS,98,1.18,5.05
CLEVELANDCAVALIERS,98,PHOENIXSUNS,106,3.72,1.29
BROOKLYNNETS,103,UTAHJAZZ,95,3.32,1.34
BOSTONCELTICS,86,DETROITPISTONS,82,1.08,8.35
NEWORLEANSPELICANS,103,MEMPHISGRIZZLIES,102,1.58,2.41
MILWAUKEEBUCKS,100,WASHINGTONWIZARDS,87,1.38,3.1
SANANTONIOSPURS,104,TORONTORAPTORS,95,1.07,8.78
HOUSTONROCKETS,104,NEWYORKKNICKS,89,1.71,2.16
DENVERNUGGETS,112,OKLAHOMACITYTHUNDER,107,1.59,2.38
DALLASMAVERICKS,109,LOSANGELESLAKERS,100,2.3,1.64
SACRAMENTOKINGS,90,PORTLANDTRAILBLAZERS,94,1.98,1.84
LOSANGELESCLIPPERS,126,MINNESOTATIMBERWOLVES,111,1.33,3.37
GOLDENSTATEWARRIORS,110,INDIANAPACERS,108,1.48,2.68
CHARLOTTEHORNETS,100,PHILADELPHIA76ERS,97,1.5,2.62
CHICAGOBULLS,82,DALLASMAVERICKS,77,1.62,2.32
PORTLANDTRAILBLAZERS,108,LOSANGELESCLIPPERS,93,1.63,2.31
WASHINGTONWIZARDS,91,PHOENIXSUNS,109,1.89,1.92
ORLANDOMAGIC,112,TORONTORAPTORS,72,1.07,9.26
BROOKLYNNETS,89,DETROITPISTONS,74,1.74,2.12
CLEVELANDCAVALIERS,88,MILWAUKEEBUCKS,102,3.36,1.33
BOSTONCELTICS,110,UTAHJAZZ,86,1.38,3.13
ATLANTAHAWKS,59,NEWORLEANSPELICANS,100,1.55,2.5
SANANTONIOSPURS,101,NEWYORKKNICKS,92,1.2,4.78
MEMPHISGRIZZLIES,115,HOUSTONROCKETS,110,1.58,2.41
GOLDENSTATEWARRIORS,119,SACRAMENTOKINGS,112,1.35,3.24
DENVERNUGGETS,97,LOSANGELESLAKERS,107,1.93,1.89
WASHINGTONWIZARDS,85,BOSTONCELTICS,83,3.36,1.34
CHARLOTTEHORNETS,87,ATLANTAHAWKS,103,1.66,2.27
BROOKLYNNETS,86,DALLASMAVERICKS,87,2.74,1.47
PHILADELPHIA76ERS,96,UTAHJAZZ,85,1.76,2.08
MIAMIHEAT,120,TORONTORAPTORS,103,1.1,7.6
DETROITPISTONS,75,PHOENIXSUNS,74,2.05,1.79
OKLAHOMACITYTHUNDER,101,NEWYORKKNICKS,98,1.24,4.17
NEWORLEANSPELICANS,96,SANANTONIOSPURS,72,2.03,1.79
CHICAGOBULLS,92,CLEVELANDCAVALIERS,79,1.03,14.05
MILWAUKEEBUCKS,81,MEMPHISGRIZZLIES,94,1.69,2.19
HOUSTONROCKETS,104,ORLANDOMAGIC,118,2.3,1.64
PORTLANDTRAILBLAZERS,97,INDIANAPACERS,92,1.41,2.96
LOSANGELESCLIPPERS,113,GOLDENSTATEWARRIORS,109,1.24,4.16
DENVERNUGGETS,121,INDIANAPACERS,107,1.16,5.4
TORONTORAPTORS,98,MEMPHISGRIZZLIES,100,2.77,1.46
PHILADELPHIA76ERS,105,PHOENIXSUNS,95,1.53,2.55
ORLANDOMAGIC,96,DETROITPISTONS,103,1.08,8.54
BROOKLYNNETS,103,CLEVELANDCAVALIERS,101,1.18,5.05
NEWYORKKNICKS,115,WASHINGTONWIZARDS,106,1.27,3.8
NEWORLEANSPELICANS,91,OKLAHOMACITYTHUNDER,89,1.57,2.44
MINNESOTATIMBERWOLVES,125,HOUSTONROCKETS,129,2.26,1.66
CHICAGOBULLS,92,MILWAUKEEBUCKS,83,1.29,3.64
PORTLANDTRAILBLAZERS,81,SACRAMENTOKINGS,96,1.31,3.52
GOLDENSTATEWARRIORS,102,SANANTONIOSPURS,113,2.78,1.45
WASHINGTONWIZARDS,109,DENVERNUGGETS,120,2.68,1.49
BOSTONCELTICS,112,CLEVELANDCAVALIERS,95,1.02,16.09
DALLASMAVERICKS,112,LOSANGELESCLIPPERS,105,1.32,3.48
SACRAMENTOKINGS,89,CHARLOTTEHORNETS,94,1.84,1.99
LOSANGELESLAKERS,120,UTAHJAZZ,91,1.23,4.31
TORONTORAPTORS,94,PHILADELPHIA76ERS,107,2.42,1.58
INDIANAPACERS,96,ORLANDOMAGIC,111,2.95,1.41
BROOKLYNNETS,93,MEMPHISGRIZZLIES,88,2.38,1.59
DETROITPISTONS,100,DENVERNUGGETS,109,2.04,1.78
MINNESOTATIMBERWOLVES,117,OKLAHOMACITYTHUNDER,118,2.94,1.41
MILWAUKEEBUCKS,98,ATLANTAHAWKS,90,2.1,1.76
HOUSTONROCKETS,96,LOSANGELESCLIPPERS,83,1.23,4.22
PHOENIXSUNS,107,CHARLOTTEHORNETS,114,1.33,3.37
UTAHJAZZ,105,SANANTONIOSPURS,112,2.4,1.58
GOLDENSTATEWARRIORS,103,NEWORLEANSPELICANS,112,2.02,1.8
NEWYORKKNICKS,93,MIAMIHEAT,88,2.38,1.6
DALLASMAVERICKS,111,HOUSTONROCKETS,106,1.33,3.37
PORTLANDTRAILBLAZERS,78,BOSTONCELTICS,88,2.74,1.47
TORONTORAPTORS,110,MILWAUKEEBUCKS,116,2.21,1.69
PHILADELPHIA76ERS,94,MEMPHISGRIZZLIES,99,1.55,2.51
INDIANAPACERS,124,BROOKLYNNETS,92,1.4,2.99
MIAMIHEAT,88,DETROITPISTONS,87,1.16,5.46
CLEVELANDCAVALIERS,103,DENVERNUGGETS,117,5.31,1.16
ATLANTAHAWKS,111,NEWYORKKNICKS,102,1.32,3.44
OKLAHOMACITYTHUNDER,124,WASHINGTONWIZARDS,117,1.12,6.09
CHICAGOBULLS,99,ORLANDOMAGIC,90,2.01,1.81
UTAHJAZZ,108,MINNESOTATIMBERWOLVES,100,1.3,3.65
PHOENIXSUNS,88,BOSTONCELTICS,71,2.59,1.51
LOSANGELESLAKERS,95,SACRAMENTOKINGS,100,1.06,9.88
GOLDENSTATEWARRIORS,113,CHARLOTTEHORNETS,121,1.53,2.54
MINNESOTATIMBERWOLVES,103,TORONTORAPTORS,87,1.48,2.7
MEMPHISGRIZZLIES,107,WASHINGTONWIZARDS,93,1.19,4.81
CHICAGOBULLS,110,INDIANAPACERS,89,1.28,3.74
SANANTONIOSPURS,108,HOUSTONROCKETS,95,1.24,4.24
MILWAUKEEBUCKS,91,BROOKLYNNETS,81,1.35,3.26
DALLASMAVERICKS,102,ATLANTAHAWKS,91,1.45,2.81
SACRAMENTOKINGS,102,NEWORLEANSPELICANS,96,2.68,1.49
LOSANGELESCLIPPERS,103,CHARLOTTEHORNETS,88,1.39,3.04
OKLAHOMACITYTHUNDER,103,MIAMIHEAT,108,1.89,1.94
LOSANGELESLAKERS,96,BOSTONCELTICS,109,1.66,2.27
PHILADELPHIA76ERS,110,DENVERNUGGETS,99,1.81,2.01
ORLANDOMAGIC,103,CLEVELANDCAVALIERS,87,1.01,18.37
NEWYORKKNICKS,124,DETROITPISTONS,106,1.33,3.36
PHOENIXSUNS,104,NEWORLEANSPELICANS,102,1.78,2.05
GOLDENSTATEWARRIORS,96,UTAHJAZZ,81,1.52,2.57
INDIANAPACERS,104,TORONTORAPTORS,93,1.23,4.28
BROOKLYNNETS,115,DENVERNUGGETS,99,2.33,1.63
MIAMIHEAT,117,CLEVELANDCAVALIERS,90,1.01,17.49
MEMPHISGRIZZLIES,100,ORLANDOMAGIC,97,2.02,1.81
DALLASMAVERICKS,102,WASHINGTONWIZARDS,92,1.15,5.42
UTAHJAZZ,83,CHARLOTTEHORNETS,78,1.63,2.31
LOSANGELESCLIPPERS,105,MILWAUKEEBUCKS,98,1.6,2.37
NEWORLEANSPELICANS,97,WASHINGTONWIZARDS,89,1.19,4.78
SACRAMENTOKINGS,90,BOSTONCELTICS,95,3.22,1.36
PORTLANDTRAILBLAZERS,99,SANANTONIOSPURS,86,2.8,1.45
LOSANGELESLAKERS,114,HOUSTONROCKETS,106,1.2,4.61
CLEVELANDCAVALIERS,112,INDIANAPACERS,117,3.27,1.35
BROOKLYNNETS,92,PHILADELPHIA76ERS,106,2.2,1.68
ATLANTAHAWKS,100,TORONTORAPTORS,87,1.14,5.87
NEWYORKKNICKS,97,DALLASMAVERICKS,113,1.77,2.07
DETROITPISTONS,87,CHARLOTTEHORNETS,97,1.77,2.07
OKLAHOMACITYTHUNDER,104,NEWORLEANSPELICANS,93,1.29,3.73
MINNESOTATIMBERWOLVES,84,MEMPHISGRIZZLIES,102,2.14,1.72
UTAHJAZZ,96,HOUSTONROCKETS,97,1.75,2.11
PHOENIXSUNS,92,MILWAUKEEBUCKS,77,1.41,2.99
DENVERNUGGETS,109,PORTLANDTRAILBLAZERS,90,1.23,4.27
LOSANGELESCLIPPERS,88,CHICAGOBULLS,106,2.15,1.71
ORLANDOMAGIC,100,MIAMIHEAT,104,1.9,1.92
LOSANGELESLAKERS,88,SANANTONIOSPURS,89,1.62,2.35
GOLDENSTATEWARRIORS,100,MILWAUKEEBUCKS,94,1.33,3.4
WASHINGTONWIZARDS,92,ORLANDOMAGIC,110,3.12,1.38
TORONTORAPTORS,111,MINNESOTATIMBERWOLVES,100,1.6,2.39
PHILADELPHIA76ERS,100,NEWYORKKNICKS,98,1.51,2.59
INDIANAPACERS,100,PORTLANDTRAILBLAZERS,87,1.55,2.5
CHARLOTTEHORNETS,97,MIAMIHEAT,109,2.73,1.47
DETROITPISTONS,92,BROOKLYNNETS,82,1.42,2.92
ATLANTAHAWKS,101,LOSANGELESCLIPPERS,100,1.27,3.83
MEMPHISGRIZZLIES,112,CLEVELANDCAVALIERS,105,1.05,10.9
BOSTONCELTICS,97,DALLASMAVERICKS,101,1.33,3.37
PHOENIXSUNS,107,OKLAHOMACITYTHUNDER,111,2.11,1.75
SACRAMENTOKINGS,100,SANANTONIOSPURS,113,2.59,1.52
DENVERNUGGETS,106,UTAHJAZZ,113,1.18,4.99
WASHINGTONWIZARDS,92,ATLANTAHAWKS,99,2.18,1.7
CHARLOTTEHORNETS,92,DALLASMAVERICKS,101,2.33,1.62
CLEVELANDCAVALIERS,105,PORTLANDTRAILBLAZERS,111,3.04,1.39
NEWORLEANSPELICANS,95,LOSANGELESLAKERS,101,2.76,1.46
MINNESOTATIMBERWOLVES,100,DENVERNUGGETS,113,2.64,1.49
MILWAUKEEBUCKS,78,DETROITPISTONS,89,1.34,3.32
HOUSTONROCKETS,95,MEMPHISGRIZZLIES,93,1.49,2.66
UTAHJAZZ,105,OKLAHOMACITYTHUNDER,121,1.82,2.0
GOLDENSTATEWARRIORS,101,CHICAGOBULLS,90,2.38,1.6
NEWYORKKNICKS,117,PHILADELPHIA76ERS,103,1.52,2.58
MIAMIHEAT,97,LOSANGELESCLIPPERS,79,1.08,8.31
BROOKLYNNETS,86,INDIANAPACERS,105,1.95,1.86
BOSTONCELTICS,91,ORLANDOMAGIC,80,1.52,2.58
CHARLOTTEHORNETS,94,BOSTONCELTICS,89,2.6,1.51
NEWORLEANSPELICANS,92,MINNESOTATIMBERWOLVES,104,1.23,4.26
MEMPHISGRIZZLIES,84,LOSANGELESLAKERS,93,2.4,1.57
DALLASMAVERICKS,99,CLEVELANDCAVALIERS,96,1.04,12.8
DENVERNUGGETS,103,HOUSTONROCKETS,108,1.44,2.84
SACRAMENTOKINGS,104,UTAHJAZZ,107,2.08,1.76
PORTLANDTRAILBLAZERS,109,CHICAGOBULLS,103,2.16,1.7
GOLDENSTATEWARRIORS,92,PHOENIXSUNS,104,1.44,2.82
ORLANDOMAGIC,101,LOSANGELESCLIPPERS,85,1.17,5.16
ATLANTAHAWKS,83,PHILADELPHIA76ERS,117,1.57,2.45
MIAMIHEAT,117,INDIANAPACERS,112,1.13,5.99
DETROITPISTONS,89,SANANTONIOSPURS,100,3.41,1.33
OKLAHOMACITYTHUNDER,101,MEMPHISGRIZZLIES,105,1.29,3.68
MILWAUKEEBUCKS,92,TORONTORAPTORS,74,1.31,3.56
HOUSTONROCKETS,108,MINNESOTATIMBERWOLVES,112,1.19,4.87
WASHINGTONWIZARDS,100,MILWAUKEEBUCKS,85,1.91,1.91
TORONTORAPTORS,100,SANANTONIOSPURS,111,3.77,1.28
PHILADELPHIA76ERS,95,ORLANDOMAGIC,99,1.95,1.86
INDIANAPACERS,104,CHARLOTTEHORNETS,103,1.54,2.53
CLEVELANDCAVALIERS,94,DETROITPISTONS,103,1.82,1.99
BROOKLYNNETS,103,NEWORLEANSPELICANS,101,2.16,1.71
NEWYORKKNICKS,108,LOSANGELESCLIPPERS,116,1.28,3.75
UTAHJAZZ,86,CHICAGOBULLS,91,1.87,1.94
SACRAMENTOKINGS,100,DALLASMAVERICKS,102,2.8,1.45
GOLDENSTATEWARRIORS,116,DENVERNUGGETS,114,1.7,2.19
BOSTONCELTICS,86,LOSANGELESLAKERS,92,1.74,2.12
PHOENIXSUNS,112,GOLDENSTATEWARRIORS,88,1.35,3.27
DENVERNUGGETS,121,DALLASMAVERICKS,120,1.69,2.21
TORONTORAPTORS,96,PORTLANDTRAILBLAZERS,102,2.38,1.61
PHILADELPHIA76ERS,77,SANANTONIOSPURS,71,2.3,1.64
ORLANDOMAGIC,93,NEWORLEANSPELICANS,99,1.2,4.72
INDIANAPACERS,116,MINNESOTATIMBERWOLVES,105,1.21,4.6
CHARLOTTEHORNETS,89,BROOKLYNNETS,94,1.34,3.34
DETROITPISTONS,92,MIAMIHEAT,106,4.14,1.24
CLEVELANDCAVALIERS,126,LOSANGELESCLIPPERS,119,2.58,1.51
NEWYORKKNICKS,96,LOSANGELESLAKERS,113,2.33,1.62
MEMPHISGRIZZLIES,89,MILWAUKEEBUCKS,86,1.52,2.58
UTAHJAZZ,83,PHOENIXSUNS,95,1.37,3.15
BROOKLYNNETS,95,NEWYORKKNICKS,105,2.08,1.76
ATLANTAHAWKS,86,CHARLOTTEHORNETS,88,1.26,3.86
WASHINGTONWIZARDS,94,SANANTONIOSPURS,118,3.29,1.34
NEWORLEANSPELICANS,88,CHICAGOBULLS,97,2.25,1.66
MINNESOTATIMBERWOLVES,87,PHILADELPHIA76ERS,107,2.7,1.48
MILWAUKEEBUCKS,97,INDIANAPACERS,103,1.71,2.16
HOUSTONROCKETS,102,DALLASMAVERICKS,106,1.95,1.86
SACRAMENTOKINGS,97,OKLAHOMACITYTHUNDER,99,2.51,1.54
BOSTONCELTICS,85,MIAMIHEAT,82,2.27,1.65
ORLANDOMAGIC,89,LOSANGELESLAKERS,75,1.88,1.93
TORONTORAPTORS,98,LOSANGELESCLIPPERS,93,2.13,1.73
MEMPHISGRIZZLIES,116,DENVERNUGGETS,108,1.67,2.24
DETROITPISTONS,100,PORTLANDTRAILBLAZERS,105,2.12,1.74
CLEVELANDCAVALIERS,100,WASHINGTONWIZARDS,115,1.77,2.06
PHOENIXSUNS,108,SACRAMENTOKINGS,113,1.17,5.32
GOLDENSTATEWARRIORS,100,OKLAHOMACITYTHUNDER,94,1.73,2.15
CHARLOTTEHORNETS,109,LOSANGELESLAKERS,89,2.83,1.45
BROOKLYNNETS,85,SANANTONIOSPURS,102,4.21,1.24
DETROITPISTONS,79,ATLANTAHAWKS,94,2.56,1.53
MINNESOTATIMBERWOLVES,81,PORTLANDTRAILBLAZERS,95,2.31,1.64
MILWAUKEEBUCKS,102,LOSANGELESCLIPPERS,78,1.39,3.09
HOUSTONROCKETS,121,DENVERNUGGETS,102,1.68,2.21
INDIANAPACERS,103,MIAMIHEAT,110,2.89,1.42
OKLAHOMACITYTHUNDER,126,SACRAMENTOKINGS,96,1.17,5.13
MEMPHISGRIZZLIES,102,PHILADELPHIA76ERS,91,1.64,2.28
CHICAGOBULLS,106,CHARLOTTEHORNETS,94,1.15,5.4
PHOENIXSUNS,102,UTAHJAZZ,101,1.5,2.63
GOLDENSTATEWARRIORS,102,NEWORLEANSPELICANS,89,1.72,2.14
TORONTORAPTORS,95,MIAMIHEAT,103,4.98,1.18
ORLANDOMAGIC,101,WASHINGTONWIZARDS,76,1.08,8.03
NEWYORKKNICKS,102,ATLANTAHAWKS,90,1.71,2.18
DETROITPISTONS,115,INDIANAPACERS,109,1.99,1.82
CLEVELANDCAVALIERS,104,LOSANGELESLAKERS,99,7.18,1.11
BOSTONCELTICS,94,BROOKLYNNETS,80,1.11,6.63
MINNESOTATIMBERWOLVES,90,LOSANGELESCLIPPERS,98,1.85,1.96
HOUSTONROCKETS,105,PHILADELPHIA76ERS,114,1.52,2.55
DALLASMAVERICKS,116,SACRAMENTOKINGS,100,1.11,6.96
UTAHJAZZ,100,GOLDENSTATEWARRIORS,107,1.46,2.75
MILWAUKEEBUCKS,87,DENVERNUGGETS,94,1.8,2.01
PORTLANDTRAILBLAZERS,103,NEWORLEANSPELICANS,96,1.42,2.88
CHICAGOBULLS,109,SANANTONIOSPURS,99,1.8,2.02
PHOENIXSUNS,106,DALLASMAVERICKS,112,2.06,1.77
WASHINGTONWIZARDS,96,INDIANAPACERS,113,2.11,1.75
CHARLOTTEHORNETS,114,TORONTORAPTORS,101,1.33,3.35
MIAMIHEAT,117,SACRAMENTOKINGS,97,1.05,10.87
DETROITPISTONS,100,HOUSTONROCKETS,108,2.0,1.81
OKLAHOMACITYTHUNDER,111,LOSANGELESCLIPPERS,88,1.21,4.48
MILWAUKEEBUCKS,94,MINNESOTATIMBERWOLVES,88,1.25,4.06
DENVERNUGGETS,120,MEMPHISGRIZZLIES,107,1.8,2.01
LOSANGELESLAKERS,104,ATLANTAHAWKS,80,1.28,3.76
GOLDENSTATEWARRIORS,93,BOSTONCELTICS,115,2.6,1.51
TORONTORAPTORS,118,CHICAGOBULLS,113,4.59,1.2
SANANTONIOSPURS,109,OKLAHOMACITYTHUNDER,105,1.31,3.54
PHILADELPHIA76ERS,117,WASHINGTONWIZARDS,94,1.15,5.5
ORLANDOMAGIC,105,SACRAMENTOKINGS,111,1.03,13.11
INDIANAPACERS,102,DETROITPISTONS,101,1.25,4.08
CLEVELANDCAVALIERS,119,HOUSTONROCKETS,124,3.04,1.4
NEWYORKKNICKS,114,MILWAUKEEBUCKS,108,1.32,3.45
MINNESOTATIMBERWOLVES,95,MEMPHISGRIZZLIES,104,2.31,1.63
DALLASMAVERICKS,118,UTAHJAZZ,99,1.13,5.94
PHOENIXSUNS,105,ATLANTAHAWKS,97,1.56,2.49
NEWORLEANSPELICANS,98,LOSANGELESCLIPPERS,87,1.29,3.65
PORTLANDTRAILBLAZERS,101,LOSANGELESLAKERS,106,2.2,1.69
CHICAGOBULLS,93,MIAMIHEAT,89,2.32,1.63
DENVERNUGGETS,89,BOSTONCELTICS,75,2.65,1.49
TORONTORAPTORS,92,PHOENIXSUNS,110,2.5,1.55
INDIANAPACERS,84,UTAHJAZZ,95,1.39,3.09
PHILADELPHIA76ERS,110,DETROITPISTONS,94,1.12,6.3
CHARLOTTEHORNETS,110,SACRAMENTOKINGS,98,1.41,2.98
MIAMIHEAT,121,WASHINGTONWIZARDS,113,1.03,14.21
CLEVELANDCAVALIERS,115,NEWYORKKNICKS,109,4.05,1.25
ORLANDOMAGIC,111,OKLAHOMACITYTHUNDER,88,1.36,3.21
MINNESOTATIMBERWOLVES,81,NEWORLEANSPELICANS,95,2.67,1.49
SANANTONIOSPURS,106,BROOKLYNNETS,96,1.1,7.48
PORTLANDTRAILBLAZERS,107,DENVERNUGGETS,106,1.3,3.56
LOSANGELESLAKERS,108,LOSANGELESCLIPPERS,95,1.11,6.6
GOLDENSTATEWARRIORS,79,ATLANTAHAWKS,95,1.65,2.28
DETROITPISTONS,120,UTAHJAZZ,116,2.67,1.5
WASHINGTONWIZARDS,99,DALLASMAVERICKS,105,5.62,1.15
MEMPHISGRIZZLIES,120,SACRAMENTOKINGS,92,1.12,6.22
MILWAUKEEBUCKS,75,CHICAGOBULLS,83,2.41,1.58
HOUSTONROCKETS,123,BROOKLYNNETS,108,1.23,4.32
LOSANGELESCLIPPERS,92,BOSTONCELTICS,99,3.86,1.27
INDIANAPACERS,108,PHOENIXSUNS,110,1.7,2.18
OKLAHOMACITYTHUNDER,87,LOSANGELESLAKERS,90,2.02,1.8
MINNESOTATIMBERWOLVES,126,GOLDENSTATEWARRIORS,123,2.31,1.64
CLEVELANDCAVALIERS,91,PHILADELPHIA76ERS,95,3.79,1.28
TORONTORAPTORS,96,DALLASMAVERICKS,114,4.72,1.2
ORLANDOMAGIC,100,CHARLOTTEHORNETS,86,1.12,6.71
SANANTONIOSPURS,95,MEMPHISGRIZZLIES,88,1.2,4.78
NEWORLEANSPELICANS,89,HOUSTONROCKETS,91,1.38,3.13
MIAMIHEAT,86,NEWYORKKNICKS,91,1.16,5.41
PORTLANDTRAILBLAZERS,83,ATLANTAHAWKS,90,1.45,2.8
WASHINGTONWIZARDS,77,CHICAGOBULLS,105,3.95,1.26
BROOKLYNNETS,103,PHOENIXSUNS,104,2.19,1.69
UTAHJAZZ,102,BOSTONCELTICS,107,2.63,1.5
DENVERNUGGETS,100,ATLANTAHAWKS,90,1.37,3.16
SACRAMENTOKINGS,105,LOSANGELESCLIPPERS,99,1.89,1.92
TORONTORAPTORS,96,NEWORLEANSPELICANS,90,3.01,1.4
PHILADELPHIA76ERS,93,DALLASMAVERICKS,101,2.11,1.75
ORLANDOMAGIC,116,NEWYORKKNICKS,110,1.29,3.61
INDIANAPACERS,109,GOLDENSTATEWARRIORS,100,1.41,2.95
MINNESOTATIMBERWOLVES,79,LOSANGELESLAKERS,90,5.26,1.17
MILWAUKEEBUCKS,92,DETROITPISTONS,90,1.41,2.99
MEMPHISGRIZZLIES,109,SANANTONIOSPURS,93,1.83,1.97
PORTLANDTRAILBLAZERS,87,HOUSTONROCKETS,103,1.48,2.7
WASHINGTONWIZARDS,102,GOLDENSTATEWARRIORS,106,1.9,1.92
CLEVELANDCAVALIERS,99,SANANTONIOSPURS,109,5.13,1.18
ATLANTAHAWKS,83,CHICAGOBULLS,80,2.54,1.53
NEWYORKKNICKS,107,NEWORLEANSPELICANS,88,1.7,2.19
DETROITPISTONS,105,MINNESOTATIMBERWOLVES,116,1.49,2.66
BOSTONCELTICS,115,PHOENIXSUNS,103,1.3,3.59
OKLAHOMACITYTHUNDER,113,INDIANAPACERS,89,1.26,3.99
DENVERNUGGETS,120,CHARLOTTEHORNETS,80,1.33,3.39
SACRAMENTOKINGS,102,PORTLANDTRAILBLAZERS,107,2.37,1.59
LOSANGELESCLIPPERS,106,HOUSTONROCKETS,103,1.68,2.2
MIAMIHEAT,96,ORLANDOMAGIC,99,1.41,2.97
UTAHJAZZ,101,DENVERNUGGETS,103,1.62,2.35
BROOKLYNNETS,116,TORONTORAPTORS,103,1.71,2.17
PHILADELPHIA76ERS,111,MINNESOTATIMBERWOLVES,100,1.19,4.88
ORLANDOMAGIC,81,CHICAGOBULLS,89,1.75,2.1
NEWYORKKNICKS,115,CLEVELANDCAVALIERS,119,1.07,9.26
BOSTONCELTICS,107,GOLDENSTATEWARRIORS,103,1.16,5.34
ATLANTAHAWKS,104,OKLAHOMACITYTHUNDER,111,1.69,2.21
MEMPHISGRIZZLIES,91,NEWORLEANSPELICANS,98,1.41,2.98
MILWAUKEEBUCKS,88,PHOENIXSUNS,102,2.22,1.68
DALLASMAVERICKS,116,INDIANAPACERS,108,1.2,4.75
SANANTONIOSPURS,125,MIAMIHEAT,95,1.74,2.12
LOSANGELESLAKERS,92,CHARLOTTEHORNETS,84,1.06,9.69
BROOKLYNNETS,137,TORONTORAPTORS,136,1.72,2.17
WASHINGTONWIZARDS,103,MINNESOTATIMBERWOLVES,96,1.57,2.45
HOUSTONROCKETS,112,INDIANAPACERS,95,1.33,3.38
UTAHJAZZ,109,SACRAMENTOKINGS,102,1.26,4.01
PORTLANDTRAILBLAZERS,93,CHARLOTTEHORNETS,69,1.12,6.3
LOSANGELESCLIPPERS,100,DENVERNUGGETS,94,1.78,2.06
MIAMIHEAT,86,CHICAGOBULLS,87,1.42,2.93
SANANTONIOSPURS,83,LOSANGELESLAKERS,99,1.65,2.27
PHILADELPHIA76ERS,125,GOLDENSTATEWARRIORS,117,1.28,3.78
DETROITPISTONS,113,WASHINGTONWIZARDS,102,1.37,3.16
CLEVELANDCAVALIERS,81,NEWORLEANSPELICANS,96,2.69,1.48
ATLANTAHAWKS,79,NEWYORKKNICKS,92,1.58,2.43
OKLAHOMACITYTHUNDER,122,PHOENIXSUNS,118,1.37,3.13
DALLASMAVERICKS,103,MEMPHISGRIZZLIES,104,1.33,3.39
MILWAUKEEBUCKS,83,BOSTONCELTICS,89,3.84,1.28
ORLANDOMAGIC,85,PORTLANDTRAILBLAZERS,89,1.76,2.1
CHARLOTTEHORNETS,87,LOSANGELESCLIPPERS,92,1.95,1.86
NEWYORKKNICKS,131,UTAHJAZZ,109,1.38,3.11
MINNESOTATIMBERWOLVES,105,DALLASMAVERICKS,108,3.53,1.31
MEMPHISGRIZZLIES,107,OKLAHOMACITYTHUNDER,101,1.65,2.27
CHICAGOBULLS,85,NEWORLEANSPELICANS,77,1.13,6.07
SACRAMENTOKINGS,101,HOUSTONROCKETS,123,2.58,1.52
WASHINGTONWIZARDS,76,MILWAUKEEBUCKS,95,1.99,1.83
INDIANAPACERS,100,PHILADELPHIA76ERS,110,1.92,1.89
CLEVELANDCAVALIERS,85,GOLDENSTATEWARRIORS,95,2.71,1.48
ATLANTAHAWKS,87,LOSANGELESLAKERS,101,2.77,1.46
MIAMIHEAT,96,PORTLANDTRAILBLAZERS,105,1.19,4.9
PHOENIXSUNS,113,HOUSTONROCKETS,110,1.55,2.49
TORONTORAPTORS,94,UTAHJAZZ,96,1.8,2.04
PHILADELPHIA76ERS,105,OKLAHOMACITYTHUNDER,110,1.82,2.01
CHARLOTTEHORNETS,84,CHICAGOBULLS,101,4.03,1.25
BROOKLYNNETS,94,GOLDENSTATEWARRIORS,90,2.03,1.8
BOSTONCELTICS,103,LOSANGELESCLIPPERS,108,1.19,4.88
NEWORLEANSPELICANS,93,DALLASMAVERICKS,92,2.86,1.44
MINNESOTATIMBERWOLVES,101,INDIANAPACERS,75,1.85,1.96
MILWAUKEEBUCKS,110,CLEVELANDCAVALIERS,90,1.17,5.15
MEMPHISGRIZZLIES,108,NEWYORKKNICKS,110,1.56,2.48
SANANTONIOSPURS,111,DETROITPISTONS,104,1.1,7.24
SACRAMENTOKINGS,102,ORLANDOMAGIC,106,5.33,1.16
MIAMIHEAT,94,LOSANGELESLAKERS,88,1.97,1.84
DALLASMAVERICKS,127,NEWYORKKNICKS,109,1.46,2.76
PHOENIXSUNS,97,DENVERNUGGETS,116,1.55,2.51
TORONTORAPTORS,108,INDIANAPACERS,98,1.94,1.87
PHILADELPHIA76ERS,89,BOSTONCELTICS,86,1.98,1.84
CHARLOTTEHORNETS,97,PORTLANDTRAILBLAZERS,92,2.63,1.5
BROOKLYNNETS,102,LOSANGELESCLIPPERS,98,2.18,1.7
OKLAHOMACITYTHUNDER,104,DETROITPISTONS,94,1.19,4.85
MINNESOTATIMBERWOLVES,122,UTAHJAZZ,101,1.78,2.06
CHICAGOBULLS,94,ATLANTAHAWKS,76,1.27,3.83
SANANTONIOSPURS,108,SACRAMENTOKINGS,103,1.1,7.6
GOLDENSTATEWARRIORS,123,ORLANDOMAGIC,120,2.75,1.47
MIAMIHEAT,118,MEMPHISGRIZZLIES,85,1.24,4.17
WASHINGTONWIZARDS,101,LOSANGELESCLIPPERS,122,2.09,1.76
ATLANTAHAWKS,91,PORTLANDTRAILBLAZERS,82,1.93,1.88
NEWORLEANSPELICANS,115,SACRAMENTOKINGS,103,1.17,5.3
MILWAUKEEBUCKS,102,PHILADELPHIA76ERS,74,1.72,2.15
CHICAGOBULLS,118,UTAHJAZZ,100,1.12,6.47
HOUSTONROCKETS,107,SANANTONIOSPURS,115,1.86,1.95
DENVERNUGGETS,131,DETROITPISTONS,101,1.18,5.14
DALLASMAVERICKS,91,LOSANGELESLAKERS,96,1.95,1.86
TORONTORAPTORS,90,CHARLOTTEHORNETS,95,1.73,2.14
CLEVELANDCAVALIERS,75,OKLAHOMACITYTHUNDER,95,5.58,1.15
PHOENIXSUNS,88,ORLANDOMAGIC,111,3.11,1.39
NEWYORKKNICKS,93,INDIANAPACERS,106,1.19,4.9
BOSTONCELTICS,87,MILWAUKEEBUCKS,56,1.21,4.53
GOLDENSTATEWARRIORS,100,MINNESOTATIMBERWOLVES,77,1.31,3.57
WASHINGTONWIZARDS,89,OKLAHOMACITYTHUNDER,116,4.38,1.22
BROOKLYNNETS,88,BOSTONCELTICS,79,2.91,1.42
NEWORLEANSPELICANS,103,DENVERNUGGETS,114,1.7,2.19
MIAMIHEAT,110,SANANTONIOSPURS,80,1.45,2.82
MEMPHISGRIZZLIES,105,LOSANGELESCLIPPERS,82,1.4,3.02
HOUSTONROCKETS,95,PHOENIXSUNS,93,1.21,4.63
UTAHJAZZ,112,PHILADELPHIA76ERS,107,2.34,1.63
SACRAMENTOKINGS,129,GOLDENSTATEWARRIORS,119,1.79,2.05
LOSANGELESLAKERS,97,ORLANDOMAGIC,84,1.4,3.01
INDIANAPACERS,119,NEWYORKKNICKS,117,2.69,1.48
ATLANTAHAWKS,110,MILWAUKEEBUCKS,85,1.44,2.87
CHICAGOBULLS,98,WASHINGTONWIZARDS,79,1.02,15.34
PORTLANDTRAILBLAZERS,104,DALLASMAVERICKS,101,2.05,1.79
ATLANTAHAWKS,87,DENVERNUGGETS,102,1.78,2.05
DETROITPISTONS,107,TORONTORAPTORS,93,1.52,2.58
BOSTONCELTICS,92,INDIANAPACERS,80,1.12,6.22
NEWORLEANSPELICANS,100,PHOENIXSUNS,95,1.49,2.68
MILWAUKEEBUCKS,89,ORLANDOMAGIC,93,3.23,1.36
MIAMIHEAT,85,OKLAHOMACITYTHUNDER,96,1.38,3.14
HOUSTONROCKETS,94,CHARLOTTEHORNETS,78,1.31,3.54
UTAHJAZZ,119,MINNESOTATIMBERWOLVES,104,1.4,3.02
SACRAMENTOKINGS,93,CLEVELANDCAVALIERS,97,1.18,4.99
LOSANGELESCLIPPERS,94,PHILADELPHIA76ERS,104,1.85,1.96
GOLDENSTATEWARRIORS,106,DALLASMAVERICKS,112,2.44,1.58
BROOKLYNNETS,73,CHICAGOBULLS,84,3.17,1.37
NEWYORKKNICKS,120,MEMPHISGRIZZLIES,99,1.47,2.75
PORTLANDTRAILBLAZERS,111,CLEVELANDCAVALIERS,70,1.03,13.09
TORONTORAPTORS,116,WASHINGTONWIZARDS,107,1.24,4.21
ORLANDOMAGIC,85,DENVERNUGGETS,82,1.41,2.96
INDIANAPACERS,115,CHICAGOBULLS,108,2.55,1.53
DETROITPISTONS,99,NEWYORKKNICKS,95,2.42,1.59
ATLANTAHAWKS,85,MIAMIHEAT,106,3.2,1.37
OKLAHOMACITYTHUNDER,99,CHARLOTTEHORNETS,82,1.12,6.44
MILWAUKEEBUCKS,110,BROOKLYNNETS,95,1.35,3.26
HOUSTONROCKETS,93,BOSTONCELTICS,77,2.16,1.72
DALLASMAVERICKS,91,SANANTONIOSPURS,97,1.7,2.18
SACRAMENTOKINGS,80,PHILADELPHIA76ERS,102,2.63,1.51
PHOENIXSUNS,108,GOLDENSTATEWARRIORS,97,1.43,2.88
LOSANGELESLAKERS,106,MINNESOTATIMBERWOLVES,98,1.04,12.88
LOSANGELESCLIPPERS,100,CLEVELANDCAVALIERS,92,1.05,11.78
MIAMIHEAT,103,DENVERNUGGETS,98,1.24,4.16
NEWORLEANSPELICANS,85,BOSTONCELTICS,89,1.97,1.85
MEMPHISGRIZZLIES,99,INDIANAPACERS,78,1.2,4.75
SANANTONIOSPURS,109,CHARLOTTEHORNETS,98,1.08,8.57
PORTLANDTRAILBLAZERS,110,PHILADELPHIA76ERS,101,1.31,3.55
WASHINGTONWIZARDS,98,BROOKLYNNETS,92,2.11,1.75
ATLANTAHAWKS,104,DETROITPISTONS,96,1.3,3.64
MILWAUKEEBUCKS,100,NEWYORKKNICKS,95,2.1,1.75
MINNESOTATIMBERWOLVES,95,SACRAMENTOKINGS,127,1.53,2.55
LOSANGELESCLIPPERS,99,PHOENIXSUNS,108,1.84,1.97
OKLAHOMACITYTHUNDER,93,TORONTORAPTORS,95,1.04,11.88
HOUSTONROCKETS,110,UTAHJAZZ,108,1.26,3.99
DALLASMAVERICKS,101,GOLDENSTATEWARRIORS,73,1.21,4.66
LOSANGELESLAKERS,84,PORTLANDTRAILBLAZERS,80,1.36,3.2
CLEVELANDCAVALIERS,86,ORLANDOMAGIC,97,8.07,1.09
BROOKLYNNETS,98,INDIANAPACERS,102,2.38,1.6
NEWYORKKNICKS,86,BOSTONCELTICS,96,2.04,1.79
MEMPHISGRIZZLIES,103,UTAHJAZZ,85,1.25,4.08
CHICAGOBULLS,132,SACRAMENTOKINGS,92,1.03,15.4
SANANTONIOSPURS,111,GOLDENSTATEWARRIORS,96,1.11,7.02
DENVERNUGGETS,123,TORONTORAPTORS,90,1.08,8.56
ATLANTAHAWKS,81,CHICAGOBULLS,114,2.54,1.54
PORTLANDTRAILBLAZERS,111,WASHINGTONWIZARDS,76,1.02,14.73
LOSANGELESLAKERS,139,PHOENIXSUNS,137,1.31,3.56
PHILADELPHIA76ERS,105,ATLANTAHAWKS,100,1.32,3.49
CLEVELANDCAVALIERS,94,BROOKLYNNETS,98,2.15,1.72
CHARLOTTEHORNETS,88,INDIANAPACERS,111,1.81,2.04
DETROITPISTONS,94,MIAMIHEAT,100,4.62,1.21
BOSTONCELTICS,87,MEMPHISGRIZZLIES,90,1.35,3.27
OKLAHOMACITYTHUNDER,106,UTAHJAZZ,94,1.11,6.91
NEWYORKKNICKS,99,ORLANDOMAGIC,111,1.95,1.86
MILWAUKEEBUCKS,90,SACRAMENTOKINGS,97,1.21,4.62
HOUSTONROCKETS,131,GOLDENSTATEWARRIORS,112,1.22,4.44
PHOENIXSUNS,114,TORONTORAPTORS,106,1.28,3.81
LOSANGELESCLIPPERS,127,WASHINGTONWIZARDS,119,1.06,10.41
DENVERNUGGETS,115,SANANTONIOSPURS,112,1.47,2.75
DALLASMAVERICKS,104,MINNESOTATIMBERWOLVES,96,1.02,15.96
UTAHJAZZ,117,NEWORLEANSPELICANS,121,2.63,1.51
ORLANDOMAGIC,95,BROOKLYNNETS,85,1.06,10.24
INDIANAPACERS,93,SACRAMENTOKINGS,110,1.35,3.29
NEWYORKKNICKS,96,MILWAUKEEBUCKS,102,1.31,3.54
MIAMIHEAT,111,PHILADELPHIA76ERS,99,1.24,4.14
CLEVELANDCAVALIERS,97,DETROITPISTONS,91,2.62,1.51
BOSTONCELTICS,81,CHARLOTTEHORNETS,83,1.06,10.34
OKLAHOMACITYTHUNDER,111,MINNESOTATIMBERWOLVES,103,1.02,16.12
CHICAGOBULLS,99,MEMPHISGRIZZLIES,96,1.19,4.88
DENVERNUGGETS,114,WASHINGTONWIZARDS,94,1.02,16.77
PORTLANDTRAILBLAZERS,98,SANANTONIOSPURS,96,1.54,2.53
PHOENIXSUNS,100,NEWORLEANSPELICANS,106,1.4,3.02
LOSANGELESLAKERS,112,LOSANGELESCLIPPERS,104,1.16,5.42
GOLDENSTATEWARRIORS,138,TORONTORAPTORS,100,1.3,3.62
CHARLOTTEHORNETS,114,NEWYORKKNICKS,106,2.67,1.49
ATLANTAHAWKS,98,BROOKLYNNETS,87,1.16,5.43
DETROITPISTONS,100,INDIANAPACERS,88,1.76,2.1
UTAHJAZZ,77,DALLASMAVERICKS,94,3.33,1.34
LOSANGELESCLIPPERS,94,TORONTORAPTORS,90,1.1,7.43
PHILADELPHIA76ERS,111,SACRAMENTOKINGS,114,1.19,4.9
MIAMIHEAT,125,HOUSTONROCKETS,119,1.25,4.06
MEMPHISGRIZZLIES,111,SANANTONIOSPURS,104,1.82,2.01
CLEVELANDCAVALIERS,83,ATLANTAHAWKS,99,2.71,1.47
MINNESOTATIMBERWOLVES,82,BOSTONCELTICS,85,4.62,1.21
OKLAHOMACITYTHUNDER,99,PORTLANDTRAILBLAZERS,90,1.51,2.61
GOLDENSTATEWARRIORS,114,WASHINGTONWIZARDS,104,1.1,7.56
LOSANGELESLAKERS,102,NEWORLEANSPELICANS,84,1.18,4.99
PHOENIXSUNS,83,DALLASMAVERICKS,91,2.2,1.68
INDIANAPACERS,107,BOSTONCELTICS,100,2.07,1.77
CHARLOTTEHORNETS,87,MILWAUKEEBUCKS,86,1.95,1.86
NEWYORKKNICKS,113,ORLANDOMAGIC,106,2.12,1.74
CHICAGOBULLS,85,PHILADELPHIA76ERS,97,1.13,6.17
SANANTONIOSPURS,92,PORTLANDTRAILBLAZERS,100,1.98,1.86
UTAHJAZZ,95,WASHINGTONWIZARDS,100,1.09,7.75
CLEVELANDCAVALIERS,102,MIAMIHEAT,90,11.72,1.04
BROOKLYNNETS,87,HOUSTONROCKETS,112,3.57,1.31
OKLAHOMACITYTHUNDER,115,GOLDENSTATEWARRIORS,114,1.11,6.75
SACRAMENTOKINGS,116,PHOENIXSUNS,113,2.03,1.8
WASHINGTONWIZARDS,107,MIAMIHEAT,123,8.36,1.08
TORONTORAPTORS,98,MILWAUKEEBUCKS,104,2.59,1.52
PHILADELPHIA76ERS,108,HOUSTONROCKETS,97,1.66,2.26
INDIANAPACERS,111,DETROITPISTONS,101,1.33,3.38
CHARLOTTEHORNETS,98,CLEVELANDCAVALIERS,97,1.17,5.24
ATLANTAHAWKS,85,ORLANDOMAGIC,82,2.31,1.63
NEWYORKKNICKS,120,BROOKLYNNETS,116,1.23,4.25
NEWORLEANSPELICANS,95,PORTLANDTRAILBLAZERS,91,2.11,1.75
MINNESOTATIMBERWOLVES,91,CHICAGOBULLS,108,5.35,1.16
MEMPHISGRIZZLIES,110,GOLDENSTATEWARRIORS,91,1.12,6.23
DENVERNUGGETS,104,SACRAMENTOKINGS,90,1.06,9.93
PHOENIXSUNS,98,OKLAHOMACITYTHUNDER,116,2.31,1.63
LOSANGELESCLIPPERS,100,DALLASMAVERICKS,106,2.82,1.44
SANANTONIOSPURS,97,BOSTONCELTICS,107,1.81,2.01
LOSANGELESLAKERS,110,DALLASMAVERICKS,82,1.34,3.34
WASHINGTONWIZARDS,115,CLEVELANDCAVALIERS,107,1.69,2.2
PHILADELPHIA76ERS,115,BROOKLYNNETS,90,1.14,5.82
ORLANDOMAGIC,89,CHARLOTTEHORNETS,77,1.09,7.93
INDIANAPACERS,89,MILWAUKEEBUCKS,88,1.62,2.34
DETROITPISTONS,96,CHICAGOBULLS,101,4.36,1.23
NEWORLEANSPELICANS,81,MEMPHISGRIZZLIES,93,1.92,1.89
MINNESOTATIMBERWOLVES,92,MIAMIHEAT,111,7.4,1.1
ATLANTAHAWKS,88,BOSTONCELTICS,83,2.01,1.82
HOUSTONROCKETS,119,SANANTONIOSPURS,114,1.75,2.11
SACRAMENTOKINGS,90,DENVERNUGGETS,99,2.74,1.47
PORTLANDTRAILBLAZERS,98,OKLAHOMACITYTHUNDER,91,1.63,2.34
PHOENIXSUNS,111,LOSANGELESCLIPPERS,98,1.44,2.85
UTAHJAZZ,85,LOSANGELESLAKERS,96,4.57,1.21
MEMPHISGRIZZLIES,106,MINNESOTATIMBERWOLVES,89,1.05,11.47
CHICAGOBULLS,113,TORONTORAPTORS,106,1.04,12.97
MILWAUKEEBUCKS,93,PHILADELPHIA76ERS,87,2.02,1.8
LOSANGELESCLIPPERS,98,OKLAHOMACITYTHUNDER,92,2.7,1.48
GOLDENSTATEWARRIORS,99,DALLASMAVERICKS,92,2.98,1.41
SANANTONIOSPURS,114,PHOENIXSUNS,97,1.12,6.59
LOSANGELESLAKERS,90,DENVERNUGGETS,95,1.32,3.45
TORONTORAPTORS,102,ORLANDOMAGIC,98,5.37,1.16
SACRAMENTOKINGS,106,UTAHJAZZ,97,1.37,3.16
NEWYORKKNICKS,123,CLEVELANDCAVALIERS,107,1.08,8.93
CHARLOTTEHORNETS,91,WASHINGTONWIZARDS,97,1.22,4.43
BROOKLYNNETS,94,MIAMIHEAT,108,6.57,1.12
BOSTONCELTICS,101,DETROITPISTONS,90,1.12,6.58
NEWORLEANSPELICANS,108,INDIANAPACERS,96,1.5,2.65
HOUSTONROCKETS,114,ATLANTAHAWKS,109,1.38,3.14
PORTLANDTRAILBLAZERS,104,DALLASMAVERICKS,96,1.51,2.61
WASHINGTONWIZARDS,107,DETROITPISTONS,105,1.92,1.88
ORLANDOMAGIC,78,MILWAUKEEBUCKS,72,1.24,4.15
CLEVELANDCAVALIERS,99,CHARLOTTEHORNETS,89,1.94,1.86
BROOKLYNNETS,107,MINNESOTATIMBERWOLVES,105,1.43,2.9
ATLANTAHAWKS,90,SANANTONIOSPURS,97,2.85,1.43
NEWYORKKNICKS,131,TORONTORAPTORS,118,1.18,5.07
BOSTONCELTICS,99,PHILADELPHIA76ERS,82,1.36,3.19
MEMPHISGRIZZLIES,81,LOSANGELESCLIPPERS,82,1.19,4.92
HOUSTONROCKETS,101,SACRAMENTOKINGS,104,1.2,4.66
DENVERNUGGETS,94,OKLAHOMACITYTHUNDER,101,1.52,2.58
PORTLANDTRAILBLAZERS,87,GOLDENSTATEWARRIORS,108,1.13,6.21
LOSANGELESLAKERS,85,UTAHJAZZ,86,1.04,12.04
TORONTORAPTORS,96,CLEVELANDCAVALIERS,104,1.48,2.7
PHILADELPHIA76ERS,92,NEWYORKKNICKS,97,1.46,2.77
INDIANAPACERS,136,WASHINGTONWIZARDS,112,1.11,7.01
CHARLOTTEHORNETS,102,ORLANDOMAGIC,111,3.29,1.35
DETROITPISTONS,116,BROOKLYNNETS,109,1.31,3.57
NEWORLEANSPELICANS,101,HOUSTONROCKETS,93,1.67,2.24
MINNESOTATIMBERWOLVES,98,PHOENIXSUNS,108,2.66,1.49
MIAMIHEAT,85,MILWAUKEEBUCKS,90,1.17,5.18
SANANTONIOSPURS,124,SACRAMENTOKINGS,92,1.12,6.56
DALLASMAVERICKS,96,DENVERNUGGETS,104,1.53,2.56
GOLDENSTATEWARRIORS,95,LOSANGELESLAKERS,87,3.1,1.38
UTAHJAZZ,87,PORTLANDTRAILBLAZERS,98,2.81,1.45
PHILADELPHIA76ERS,98,TORONTORAPTORS,93,1.11,6.83
INDIANAPACERS,114,ATLANTAHAWKS,102,1.39,3.03
BROOKLYNNETS,93,NEWYORKKNICKS,116,2.63,1.5
MIAMIHEAT,112,CHARLOTTEHORNETS,103,1.04,11.73
DETROITPISTONS,110,MILWAUKEEBUCKS,100,1.95,1.86
CLEVELANDCAVALIERS,82,CHICAGOBULLS,93,5.2,1.17
BOSTONCELTICS,104,WASHINGTONWIZARDS,88,1.05,10.97
OKLAHOMACITYTHUNDER,104,DENVERNUGGETS,89,1.51,2.59
NEWORLEANSPELICANS,109,PHOENIXSUNS,97,1.41,3.0
MEMPHISGRIZZLIES,101,SACRAMENTOKINGS,96,1.18,5.11
DALLASMAVERICKS,107,LOSANGELESCLIPPERS,96,1.22,4.4
SANANTONIOSPURS,111,UTAHJAZZ,102,1.14,5.68
MILWAUKEEBUCKS,108,CLEVELANDCAVALIERS,101,1.21,4.6
HOUSTONROCKETS,99,LOSANGELESCLIPPERS,78,1.25,4.03
DENVERNUGGETS,130,MINNESOTATIMBERWOLVES,106,1.06,10.37
ORLANDOMAGIC,99,CHICAGOBULLS,102,3.13,1.38
MIAMIHEAT,100,BOSTONCELTICS,77,1.36,3.23
TORONTORAPTORS,99,BROOKLYNNETS,92,1.38,3.12
MEMPHISGRIZZLIES,111,NEWORLEANSPELICANS,89,1.53,2.56
CHARLOTTEHORNETS,101,DETROITPISTONS,112,1.88,1.93
INDIANAPACERS,109,NEWYORKKNICKS,110,1.7,2.2
DALLASMAVERICKS,115,PHOENIXSUNS,90,1.16,5.29
GOLDENSTATEWARRIORS,103,SACRAMENTOKINGS,104,1.4,3.01
LOSANGELESLAKERS,106,OKLAHOMACITYTHUNDER,120,1.43,2.89
WASHINGTONWIZARDS,95,BOSTONCELTICS,94,2.38,1.69
PHILADELPHIA76ERS,85,ORLANDOMAGIC,95,1.75,2.1
BROOKLYNNETS,103,CHARLOTTEHORNETS,105,1.76,2.1
ATLANTAHAWKS,90,MIAMIHEAT,98,3.32,1.34
DETROITPISTONS,101,CLEVELANDCAVALIERS,110,1.32,3.46
NEWORLEANSPELICANS,78,UTAHJAZZ,90,1.31,3.55
MILWAUKEEBUCKS,93,TORONTORAPTORS,86,1.18,5.09
HOUSTONROCKETS,91,DALLASMAVERICKS,98,2.32,1.62
DENVERNUGGETS,134,GOLDENSTATEWARRIORS,111,1.08,8.58
SACRAMENTOKINGS,112,OKLAHOMACITYTHUNDER,120,3.12,1.38
PHOENIXSUNS,135,MINNESOTATIMBERWOLVES,127,1.19,4.84
NEWYORKKNICKS,90,CHICAGOBULLS,103,3.35,1.34
PORTLANDTRAILBLAZERS,102,MEMPHISGRIZZLIES,89,1.38,3.1
LOSANGELESLAKERS,102,SANANTONIOSPURS,93,1.16,6.15
UTAHJAZZ,107,DENVERNUGGETS,103,1.44,2.83
TORONTORAPTORS,79,MIAMIHEAT,97,1.54,2.51
PHILADELPHIA76ERS,100,DETROITPISTONS,104,1.49,2.65
OKLAHOMACITYTHUNDER,106,MILWAUKEEBUCKS,110,1.19,4.96
DALLASMAVERICKS,121,NEWORLEANSPELICANS,89,1.13,6.07
CLEVELANDCAVALIERS,100,WASHINGTONWIZARDS,93,1.44,2.82
CHICAGOBULLS,97,BROOKLYNNETS,92,1.05,10.68
CHARLOTTEHORNETS,96,ATLANTAHAWKS,85,1.8,2.03
SACRAMENTOKINGS,108,LOSANGELESLAKERS,116,2.42,1.58
PHOENIXSUNS,106,SANANTONIOSPURS,103,2.31,1.62
LOSANGELESCLIPPERS,110,MEMPHISGRIZZLIES,103,1.29,3.67
GOLDENSTATEWARRIORS,110,PORTLANDTRAILBLAZERS,86,1.49,2.66
CHICAGOBULLS,104,INDIANAPACERS,99,1.05,10.63
MIAMIHEAT,97,PHILADELPHIA76ERS,89,1.12,6.65
ORLANDOMAGIC,93,ATLANTAHAWKS,103,1.21,4.61
DALLASMAVERICKS,89,PORTLANDTRAILBLAZERS,81,1.45,2.78
SANANTONIOSPURS,98,MEMPHISGRIZZLIES,101,1.32,3.47
LOSANGELESLAKERS,100,NEWORLEANSPELICANS,109,1.1,7.3
BOSTONCELTICS,87,NEWYORKKNICKS,85,1.34,3.32
OKLAHOMACITYTHUNDER,107,DENVERNUGGETS,103,1.37,3.17
MIAMIHEAT,94,PHILADELPHIA76ERS,73,1.15,5.49
CHICAGOBULLS,96,INDIANAPACERS,90,1.08,8.64
BOSTONCELTICS,96,NEWYORKKNICKS,93,1.31,3.51
ORLANDOMAGIC,88,ATLANTAHAWKS,82,1.16,5.49
DALLASMAVERICKS,101,PORTLANDTRAILBLAZERS,89,1.53,2.57
OKLAHOMACITYTHUNDER,106,DENVERNUGGETS,89,1.48,2.68
SANANTONIOSPURS,93,MEMPHISGRIZZLIES,87,1.25,4.11
LOSANGELESLAKERS,87,NEWORLEANSPELICANS,78,1.07,9.22
INDIANAPACERS,84,CHICAGOBULLS,88,2.56,1.53
PHILADELPHIA76ERS,94,MIAMIHEAT,100,2.69,1.49
PORTLANDTRAILBLAZERS,97,DALLASMAVERICKS,92,1.4,3.0
NEWYORKKNICKS,96,BOSTONCELTICS,113,1.62,2.33
ATLANTAHAWKS,88,ORLANDOMAGIC,84,2.0,1.82
NEWORLEANSPELICANS,86,LOSANGELESLAKERS,100,2.84,1.44
INDIANAPACERS,89,CHICAGOBULLS,84,2.72,1.46
PORTLANDTRAILBLAZERS,84,DALLASMAVERICKS,82,1.53,2.55
MEMPHISGRIZZLIES,91,SANANTONIOSPURS,88,1.8,2.03
DENVERNUGGETS,94,OKLAHOMACITYTHUNDER,97,1.44,2.83
PHILADELPHIA76ERS,86,MIAMIHEAT,82,3.1,1.38
NEWYORKKNICKS,89,BOSTONCELTICS,101,2.44,1.57
ATLANTAHAWKS,88,ORLANDOMAGIC,85,1.98,1.84
NEWORLEANSPELICANS,93,LOSANGELESLAKERS,88,3.19,1.36
MEMPHISGRIZZLIES,104,SANANTONIOSPURS,86,1.98,1.83
DALLASMAVERICKS,93,PORTLANDTRAILBLAZERS,82,1.45,2.81
DENVERNUGGETS,104,OKLAHOMACITYTHUNDER,101,1.65,2.29
ORLANDOMAGIC,101,ATLANTAHAWKS,76,1.27,3.84
CHICAGOBULLS,116,INDIANAPACERS,89,1.17,5.23
LOSANGELESLAKERS,106,NEWORLEANSPELICANS,90,1.13,5.89
MIAMIHEAT,97,PHILADELPHIA76ERS,91,1.09,7.97
SANANTONIOSPURS,110,MEMPHISGRIZZLIES,103,1.29,3.72
OKLAHOMACITYTHUNDER,100,DENVERNUGGETS,97,1.3,3.6
ATLANTAHAWKS,84,ORLANDOMAGIC,81,2.03,1.8
NEWORLEANSPELICANS,80,LOSANGELESLAKERS,98,3.05,1.39
PORTLANDTRAILBLAZERS,96,DALLASMAVERICKS,103,1.54,2.53
MEMPHISGRIZZLIES,99,SANANTONIOSPURS,91,1.63,2.32
OKLAHOMACITYTHUNDER,101,MEMPHISGRIZZLIES,114,1.33,3.37
MIAMIHEAT,99,BOSTONCELTICS,90,1.44,2.83
CHICAGOBULLS,95,ATLANTAHAWKS,103,1.17,5.17
LOSANGELESLAKERS,94,DALLASMAVERICKS,96,1.35,3.28
MIAMIHEAT,102,BOSTONCELTICS,91,1.44,2.85
OKLAHOMACITYTHUNDER,111,MEMPHISGRIZZLIES,102,1.3,3.59
CHICAGOBULLS,86,ATLANTAHAWKS,73,1.18,5.0
LOSANGELESLAKERS,81,DALLASMAVERICKS,93,1.26,3.94
ATLANTAHAWKS,82,CHICAGOBULLS,99,2.16,1.72
DALLASMAVERICKS,98,LOSANGELESLAKERS,92,1.76,2.09
MEMPHISGRIZZLIES,101,OKLAHOMACITYTHUNDER,93,1.66,2.25
BOSTONCELTICS,97,MIAMIHEAT,81,1.61,2.36
DALLASMAVERICKS,122,LOSANGELESLAKERS,86,1.78,2.06
ATLANTAHAWKS,100,CHICAGOBULLS,88,2.42,1.58
BOSTONCELTICS,90,MIAMIHEAT,98,1.97,1.85
MEMPHISGRIZZLIES,123,OKLAHOMACITYTHUNDER,133,1.75,2.1
CHICAGOBULLS,95,ATLANTAHAWKS,83,1.2,4.69
MIAMIHEAT,97,BOSTONCELTICS,87,1.27,3.89
OKLAHOMACITYTHUNDER,99,MEMPHISGRIZZLIES,72,1.35,3.24
ATLANTAHAWKS,73,CHICAGOBULLS,93,2.37,1.61
MEMPHISGRIZZLIES,95,OKLAHOMACITYTHUNDER,83,1.82,2.0
OKLAHOMACITYTHUNDER,105,MEMPHISGRIZZLIES,90,1.31,3.53
CHICAGOBULLS,103,MIAMIHEAT,82,1.76,2.09
DALLASMAVERICKS,121,OKLAHOMACITYTHUNDER,112,1.35,3.3
CHICAGOBULLS,75,MIAMIHEAT,85,1.7,2.2
DALLASMAVERICKS,100,OKLAHOMACITYTHUNDER,106,1.4,3.02
OKLAHOMACITYTHUNDER,87,DALLASMAVERICKS,93,1.69,2.2
MIAMIHEAT,96,CHICAGOBULLS,85,1.44,2.85
OKLAHOMACITYTHUNDER,105,DALLASMAVERICKS,112,1.55,2.49
MIAMIHEAT,101,CHICAGOBULLS,93,1.43,2.88
DALLASMAVERICKS,100,OKLAHOMACITYTHUNDER,96,1.32,3.46
CHICAGOBULLS,80,MIAMIHEAT,83,1.6,2.38
MIAMIHEAT,92,DALLASMAVERICKS,84,1.47,2.74
MIAMIHEAT,93,DALLASMAVERICKS,95,1.48,2.7
DALLASMAVERICKS,86,MIAMIHEAT,88,1.73,2.12
DALLASMAVERICKS,86,MIAMIHEAT,83,1.7,2.19
DALLASMAVERICKS,112,MIAMIHEAT,103,1.89,1.93
MIAMIHEAT,95,DALLASMAVERICKS,105,1.42,2.94
